hotspot_path,frequency,traj_ids
"[0, 127, 128]",3,"[39, 507, 1065]"
"[0, 626]",2,"[996, 1057]"
"[0, 625]",4,"[996, 999, 1000, 1003]"
"[0, 620]",2,"[935, 980]"
"[0, 163, 164]",2,"[844, 857]"
"[0, 99, 98, 594, 97]",2,"[751, 792]"
"[0, 572]",3,"[717, 718, 1038]"
"[0, 449]",2,"[715, 996]"
"[0, 568, 432]",2,"[706, 727]"
"[0, 563, 559, 560, 561, 562]",3,"[657, 815, 1008]"
"[0, 10, 11, 225, 226, 227]",2,"[648, 830]"
"[0, 558]",2,"[628, 943]"
"[0, 564, 75, 565, 556]",2,"[615, 941]"
"[0, 82, 83]",3,"[613, 747, 933]"
"[0, 541]",3,"[586, 659, 745]"
"[0, 282, 281, 280, 279]",2,"[579, 745]"
"[0, 581]",2,"[574, 735]"
"[0, 438, 281, 280, 279]",2,"[574, 729]"
"[0, 438, 281, 282]",2,"[574, 610]"
"[0, 102]",2,"[546, 554]"
"[0, 526]",2,"[539, 985]"
"[0, 521, 522]",4,"[532, 533, 692, 939]"
"[0, 330, 329, 328]",2,"[530, 579]"
"[0, 509]",8,"[488, 489, 611, 615, 711, 714, 718, 724]"
"[0, 503]",11,"[487, 711, 718, 722, 727, 732, 735, 743, 744, 746, 992]"
"[0, 496]",6,"[477, 615, 707, 730, 964, 1028]"
"[0, 7, 6, 529]",2,"[636, 724]"
"[0, 7, 6, 355]",2,"[456, 577]"
"[0, 476]",8,"[446, 448, 449, 452, 455, 456, 457, 465]"
"[0, 448, 458]",2,"[600, 675]"
"[0, 322, 235, 300, 31]",2,"[396, 1016]"
"[0, 322, 235, 299, 300, 31, 237, 241, 240, 597, 598, 15]",2,"[781, 831]"
"[0, 322, 235, 236]",2,"[468, 1019]"
"[0, 200, 244, 298, 582, 243]",2,"[602, 736]"
"[0, 346]",6,"[370, 419, 649, 809, 1060, 1061]"
"[0, 281]",2,"[358, 359]"
"[0, 436]",2,"[349, 367]"
"[0, 433, 434, 435]",5,"[344, 345, 347, 356, 989]"
"[0, 414]",6,"[318, 438, 736, 912, 917, 929]"
"[0, 160]",2,"[282, 766]"
"[0, 401]",4,"[281, 636, 637, 975]"
"[0, 536]",2,"[276, 578]"
"[0, 619, 372, 374]",2,"[270, 579]"
"[0, 619, 372, 83]",2,"[270, 579]"
"[0, 278, 495]",4,"[474, 551, 960, 1022]"
"[0, 278, 371]",3,"[268, 613, 991]"
"[0, 278, 277, 106, 523]",2,"[534, 627]"
"[0, 278, 277, 106, 332]",2,"[970, 976]"
"[0, 278, 277, 106, 107]",2,"[970, 976]"
"[0, 278, 277, 390, 106, 105]",2,"[273, 621]"
"[0, 278, 277, 390, 106, 107, 108]",2,"[273, 621]"
"[0, 278, 277, 332, 106, 390]",2,"[282, 973]"
"[0, 278, 277, 332, 106, 105, 104]",2,"[557, 711]"
"[0, 278, 277, 332, 106, 107, 108]",2,"[278, 557]"
"[0, 117]",5,"[265, 580, 713, 739, 743]"
"[0, 370]",2,"[265, 1020]"
"[0, 363, 362, 361, 360, 359]",2,"[264, 767]"
"[0, 365, 366]",2,"[264, 648]"
"[0, 454, 449, 570, 450, 451, 452]",2,"[409, 725]"
"[0, 402, 354]",2,"[248, 519]"
"[0, 247, 244, 246]",2,"[514, 663]"
"[0, 357]",5,"[227, 229, 248, 659, 667]"
"[0, 350, 222]",8,"[223, 224, 418, 437, 501, 502, 650, 833]"
"[0, 413, 345]",5,"[219, 316, 408, 812, 827]"
"[0, 344]",5,"[219, 714, 740, 972, 1037]"
"[0, 47, 46, 45]",2,"[216, 718]"
"[0, 537, 325, 326, 327]",2,"[211, 732]"
"[0, 324]",22,"[207, 291, 293, 295, 325, 336, 350, 536, 540, 625, 629, 634, 694, 727, 732, 784, 786, 788, 790, 794, 982, 1025]"
"[0, 314, 315]",2,"[158, 317]"
"[0, 307]",5,"[149, 174, 499, 888, 1002]"
"[0, 304, 305, 409, 410]",2,"[298, 299]"
"[0, 331, 278, 277, 390, 106, 107, 108, 109, 110]",2,"[357, 620]"
"[0, 406, 90, 91, 407, 324]",2,"[289, 565]"
"[0, 283, 439]",4,"[356, 481, 711, 968]"
"[0, 283, 617]",2,"[481, 968]"
"[0, 279, 280, 281, 310, 311]",2,"[335, 353]"
"[0, 279, 280, 281, 282]",3,"[137, 574, 710]"
"[0, 273, 155, 156]",2,"[123, 385]"
"[0, 272, 271]",2,"[120, 731]"
"[0, 312]",2,"[120, 737]"
"[0, 271, 272]",3,"[120, 387, 461]"
"[0, 250, 231, 230, 252, 253, 225, 11, 10]",2,"[117, 852]"
"[0, 250, 231, 230, 229, 228, 227, 226, 225, 11]",2,"[118, 129]"
"[0, 250, 231, 232, 233]",2,"[117, 118]"
"[0, 152, 151, 150, 234, 411, 148]",2,"[405, 813]"
"[0, 248, 249]",2,"[111, 123]"
"[0, 221]",2,"[108, 114]"
"[0, 235, 322]",2,"[200, 826]"
"[0, 235, 299, 300, 31, 296, 301]",2,"[143, 1010]"
"[0, 235, 236, 300, 31, 442, 240]",2,"[369, 899]"
"[0, 235, 236, 31]",2,"[108, 141]"
"[0, 233, 232, 231, 230, 252, 253, 227, 226, 225, 11, 10]",2,"[116, 648]"
"[0, 233, 232, 231, 230, 252, 253, 227, 228, 229]",2,"[116, 648]"
"[0, 233, 250]",2,"[116, 489]"
"[0, 233, 251, 230]",2,"[105, 853]"
"[0, 153, 152, 150]",2,"[302, 311]"
"[0, 153, 152, 151, 150, 149, 148, 147, 146, 145, 143, 142]",2,"[308, 853]"
"[0, 153, 152, 151, 150, 149, 148, 147, 146, 145, 144, 143, 142]",3,"[314, 320, 1081]"
"[0, 153, 152, 151, 150, 234]",2,"[105, 504]"
"[0, 224]",3,"[104, 840, 900]"
"[0, 203, 202, 201, 200, 244]",2,"[777, 836]"
"[0, 203, 202, 244, 352]",2,"[239, 250]"
"[0, 203, 202, 244, 247]",3,"[110, 239, 250]"
"[0, 203, 202, 217, 200, 244, 246]",2,"[399, 909]"
"[0, 220, 274, 542]",4,"[125, 586, 596, 1095]"
"[0, 220, 548]",2,"[94, 602]"
"[0, 219]",5,"[94, 157, 219, 225, 1089]"
"[0, 218, 316, 306, 317, 130]",3,"[149, 174, 998]"
"[0, 12, 456, 14, 15, 16, 17, 18, 19, 20, 21, 22, 23]",3,"[417, 930, 1092]"
"[0, 12, 216, 515, 205, 215, 25, 26]",2,"[516, 1100]"
"[0, 12, 216, 293, 205, 25, 26, 27]",2,"[769, 903]"
"[0, 12, 204, 205, 25, 26, 27]",2,"[313, 770]"
"[0, 12, 13, 14, 15, 25, 26, 27]",2,"[606, 607]"
"[0, 12, 13, 14, 15, 16, 17, 21, 22, 23]",2,"[131, 529]"
"[0, 12, 13, 14, 15, 16, 17, 18, 455]",2,"[413, 604]"
"[0, 12, 13, 14, 15, 16, 17, 18, 19, 20, 21, 22, 23]",2,"[606, 607]"
"[0, 181, 196, 193]",2,"[469, 860]"
"[0, 181, 193, 608, 183]",2,"[129, 930]"
"[0, 181, 275, 182, 196]",2,"[79, 300]"
"[0, 181, 275, 182, 183, 184, 185, 186, 187, 188, 189, 190, 161]",2,"[78, 415]"
"[0, 180]",6,"[77, 201, 414, 681, 1058, 1081]"
"[0, 172, 318, 177, 178]",2,"[958, 964]"
"[0, 172, 173, 174, 175, 318, 176, 177, 178, 179]",2,"[186, 658]"
"[0, 172, 173, 174, 175, 176, 177]",2,"[71, 775]"
"[0, 162, 163, 164, 165, 166, 167, 168, 169]",2,"[804, 1054]"
"[0, 162, 163, 164, 171, 167, 168, 169]",3,"[149, 197, 873]"
"[0, 162, 163, 164, 353, 165, 166, 167, 168, 169]",2,"[66, 240]"
"[0, 159, 160]",21,"[60, 66, 127, 149, 174, 257, 260, 281, 390, 525, 589, 598, 636, 720, 761, 765, 828, 910, 919, 1000, 1083]"
"[0, 156, 155]",2,"[57, 372]"
"[0, 155, 573, 157]",2,"[57, 720]"
"[0, 313]",5,"[55, 56, 157, 240, 925]"
"[0, 154]",5,"[51, 166, 394, 446, 1067]"
"[0, 135, 136, 37, 36, 35, 631]",2,"[915, 1070]"
"[0, 135, 136, 37, 36, 35, 34, 33, 604, 137, 32]",2,"[506, 1098]"
"[0, 131, 303, 132, 223, 133, 134]",2,"[178, 824]"
"[0, 131, 303, 133, 134]",2,"[147, 805]"
"[0, 131, 132, 223, 133, 134]",2,"[45, 97]"
"[0, 129]",18,"[42, 120, 165, 201, 394, 414, 447, 449, 452, 455, 456, 457, 463, 466, 656, 681, 827, 1006]"
"[0, 1, 2, 623, 624, 3]",4,"[996, 1000, 1004, 1006]"
"[0, 4]",2,"[2, 220]"
"[0, 8]",3,"[2, 456, 736]"
"[0, 9, 10, 11, 225, 226, 227, 253, 252, 230]",2,"[129, 679]"
"[0, 9, 10, 11, 225, 226, 227, 228, 229, 230, 252, 253]",2,"[116, 117]"
"[0, 9, 10, 11, 225, 226, 227, 228, 229, 230, 231, 232, 233]",4,"[105, 116, 117, 118]"
"[0, 38]",6,"[6, 229, 247, 249, 322, 877]"
"[0, 39, 40, 387]",2,"[480, 967]"
"[0, 39, 40, 41, 387]",2,"[931, 1031]"
"[0, 39, 40, 41, 42, 48]",2,"[9, 931]"
"[0, 101, 43]",3,"[8, 22, 724]"
"[0, 44, 45, 46, 47]",2,"[8, 718]"
"[0, 43, 101]",2,"[8, 22]"
"[0, 103, 286, 287, 288, 289, 290]",2,"[959, 962]"
"[0, 49, 343, 51, 52, 73]",2,"[718, 735]"
"[0, 49, 337, 50, 51, 52, 73, 338, 405]",2,"[478, 992]"
"[0, 49, 337, 50, 51, 52, 53, 73]",2,"[487, 705]"
"[0, 557, 74]",2,"[15, 690]"
"[0, 76, 77, 78]",7,"[17, 25, 360, 633, 641, 1034, 1039]"
"[0, 79, 432]",2,"[361, 553]"
"[0, 79, 431, 432]",4,"[339, 616, 631, 719]"
"[0, 79, 80]",4,"[18, 215, 746, 1027]"
"[0, 100, 41, 42, 323, 48, 279]",2,"[203, 218]"
"[0, 104, 105, 106, 120]",2,"[366, 1039]"
"[0, 104, 105, 106, 336, 333, 334, 335]",3,"[214, 1023, 1039]"
"[0, 104, 105, 106, 107, 108]",2,"[23, 618]"
"[0, 111]",10,"[24, 29, 357, 359, 558, 568, 720, 732, 949, 974]"
"[0, 112, 580, 530, 531, 115, 349, 125]",2,"[732, 1038]"
"[0, 112, 123, 530]",2,"[949, 974]"
"[0, 112, 113, 114, 115, 116, 117, 118]",2,"[24, 357]"
"[0, 120, 106, 105, 104]",2,"[28, 362]"
"[0, 120, 106, 107]",2,"[28, 362]"
"[0, 577]",4,"[29, 640, 731, 1038]"
"[0, 78, 504, 505, 506, 507, 508]",2,"[487, 1025]"
"[0, 78, 397, 398, 399, 392, 393, 394]",2,"[279, 984]"
"[0, 78, 397, 621]",3,"[279, 328, 984]"
"[0, 78, 391]",5,"[274, 698, 717, 726, 748]"
"[0, 78, 375, 437, 377, 378]",3,"[470, 559, 564]"
"[0, 78, 375, 376, 437]",3,"[571, 717, 750]"
"[0, 78, 375, 376, 377, 378, 520, 519, 518]",4,"[530, 543, 547, 555]"
"[0, 78, 375, 376, 377, 378, 437]",2,"[355, 746]"
"[0, 78, 375, 376, 377, 378, 379, 380]",2,"[271, 355]"
"[0, 126]",3,"[35, 45, 720]"
"[1, 2, 623, 624, 3, 0, 625]",2,"[996, 1000]"
"[2, 623, 624, 3, 0, 625]",2,"[996, 1000]"
"[2, 623, 624, 3, 0, 1]",4,"[996, 1000, 1004, 1006]"
"[3, 0, 625]",2,"[996, 1000]"
"[3, 0, 1, 2, 623, 624]",4,"[996, 1000, 1004, 1006]"
"[4, 0, 7, 6]",2,"[456, 636]"
"[4, 0, 401]",2,"[281, 636]"
"[4, 0, 159, 160]",2,"[281, 636]"
"[5, 348]",2,"[282, 558]"
"[5, 347, 4, 0]",2,"[248, 456]"
"[5, 356]",4,"[248, 456, 519, 558]"
"[6, 529]",2,"[636, 724]"
"[6, 354]",3,"[282, 558, 975]"
"[6, 355, 348, 5, 347, 4, 0]",2,"[248, 456]"
"[6, 355, 348, 5, 356]",2,"[248, 456]"
"[7, 6, 529]",2,"[636, 724]"
"[7, 6, 355]",2,"[456, 577]"
"[8, 0]",3,"[2, 456, 736]"
"[9, 0, 233, 232, 231, 230, 252]",2,"[116, 300]"
"[9, 0, 233, 250]",2,"[116, 489]"
"[9, 0, 181]",2,"[129, 300]"
"[9, 10, 11, 225, 226, 227, 253, 252, 230]",2,"[129, 679]"
"[9, 10, 11, 225, 226, 227, 228, 229, 230, 252, 253]",2,"[116, 117]"
"[9, 10, 11, 225, 226, 227, 228, 229, 230, 231, 232, 233, 0, 250]",2,"[117, 118]"
"[9, 10, 11, 225, 226, 227, 228, 229, 230, 231, 232, 233, 0, 152, 151, 150]",2,"[116, 118]"
"[10, 0, 250, 231, 230, 252, 253, 225, 11]",2,"[117, 852]"
"[10, 0, 233]",2,"[648, 853]"
"[10, 9, 0, 233, 232, 231, 230, 252]",2,"[116, 300]"
"[10, 9, 0, 233, 250]",2,"[116, 489]"
"[10, 9, 0, 181]",2,"[129, 300]"
"[10, 11, 0]",2,"[118, 830]"
"[10, 11, 225, 226, 227, 253, 252, 230]",2,"[129, 679]"
"[10, 11, 225, 226, 227, 228, 229, 230, 252, 253]",3,"[116, 117, 648]"
"[10, 11, 225, 226, 227, 228, 229, 230, 231, 232, 233, 0, 250]",2,"[117, 118]"
"[10, 11, 225, 226, 227, 228, 229, 230, 231, 232, 233, 0, 152, 151, 150]",2,"[116, 118]"
"[10, 11, 225, 226, 227, 228, 229, 230, 231, 232, 233, 0, 9]",4,"[105, 116, 117, 118]"
"[11, 0]",2,"[118, 830]"
"[11, 10, 0, 250, 231, 230, 252, 253, 225]",2,"[117, 852]"
"[11, 10, 0, 233]",2,"[648, 853]"
"[11, 10, 9, 0, 233, 232, 231, 230, 252]",2,"[116, 300]"
"[11, 10, 9, 0, 233, 250]",2,"[116, 489]"
"[11, 10, 9, 0, 181]",2,"[129, 300]"
"[11, 225, 226, 227, 253, 252, 230]",2,"[129, 679]"
"[11, 225, 226, 227, 228, 229, 230, 252, 253]",3,"[116, 117, 648]"
"[11, 225, 226, 227, 228, 229, 230, 231, 232, 233, 0, 250]",2,"[117, 118]"
"[11, 225, 226, 227, 228, 229, 230, 231, 232, 233, 0, 152, 151, 150]",2,"[116, 118]"
"[11, 225, 226, 227, 228, 229, 230, 231, 232, 233, 0, 9, 10]",4,"[105, 116, 117, 118]"
"[12, 320, 292, 31]",2,"[522, 771]"
"[12, 320, 319, 321, 296, 31]",2,"[445, 604]"
"[12, 456, 14, 15, 16, 17, 18, 19, 20, 21, 22, 23]",3,"[417, 930, 1092]"
"[12, 302, 205, 25, 26, 27]",3,"[392, 1010, 1016]"
"[12, 295, 319, 321, 31, 236, 235]",2,"[500, 517]"
"[12, 216, 515, 205, 215, 25, 26, 27]",2,"[1013, 1100]"
"[12, 216, 205]",2,"[443, 1019]"
"[12, 216, 293, 205, 25, 214, 206, 207, 208, 209, 210, 412]",2,"[304, 879]"
"[12, 216, 293, 205, 25, 26, 27]",3,"[769, 879, 903]"
"[12, 0, 322, 235]",2,"[468, 831]"
"[12, 204, 205, 515]",2,"[506, 770]"
"[12, 204, 205, 25, 26, 27]",3,"[313, 506, 770]"
"[12, 30]",3,"[5, 200, 855]"
"[12, 13, 14, 15, 25, 26, 27]",2,"[606, 607]"
"[12, 13, 14, 15, 16, 17, 21, 22, 23]",3,"[131, 468, 529]"
"[12, 13, 14, 15, 16, 17, 18, 455]",2,"[413, 604]"
"[12, 13, 14, 15, 16, 17, 18, 19, 20, 21, 22, 23]",4,"[4, 200, 606, 607]"
"[13, 12, 0, 322, 235]",2,"[468, 831]"
"[13, 14, 15, 25, 26, 27]",2,"[606, 607]"
"[13, 14, 15, 16, 17, 21, 22, 23]",3,"[131, 468, 529]"
"[13, 14, 15, 16, 17, 18, 455]",2,"[413, 604]"
"[13, 14, 15, 16, 17, 18, 19, 20, 21, 22, 23]",4,"[4, 200, 606, 607]"
"[14, 456, 12]",2,"[522, 608]"
"[14, 13, 12, 0]",5,"[131, 468, 858, 922, 1092]"
"[14, 12, 0]",2,"[413, 930]"
"[14, 15, 25, 26, 27]",2,"[606, 607]"
"[14, 15, 16, 17, 21, 22, 23]",3,"[131, 468, 529]"
"[14, 15, 16, 17, 18, 455]",2,"[413, 604]"
"[14, 15, 16, 17, 18, 19, 20, 21, 22, 23]",7,"[4, 200, 417, 606, 607, 930, 1092]"
"[15, 25, 26, 27]",2,"[606, 607]"
"[15, 14, 456, 12]",2,"[522, 608]"
"[15, 14, 13, 12, 0]",5,"[131, 468, 858, 922, 1092]"
"[15, 14, 12, 0]",2,"[413, 930]"
"[15, 24]",2,"[4, 831]"
"[15, 16, 17, 21, 22, 23]",3,"[131, 468, 529]"
"[15, 16, 17, 18, 455, 20, 21]",2,"[413, 899]"
"[15, 16, 17, 18, 19, 20, 21, 22, 23]",8,"[4, 200, 417, 606, 607, 608, 930, 1092]"
"[16, 15, 25, 26, 27]",2,"[606, 607]"
"[16, 15, 14, 13, 12, 0]",5,"[131, 468, 858, 922, 1092]"
"[16, 15, 14, 12, 0]",2,"[413, 930]"
"[16, 17, 21, 22, 23]",3,"[131, 468, 529]"
"[16, 17, 18, 455, 20, 21]",2,"[413, 899]"
"[16, 17, 18, 19, 20, 21, 22, 23]",8,"[4, 200, 417, 606, 607, 608, 930, 1092]"
"[17, 16, 15, 25, 26, 27]",2,"[606, 607]"
"[17, 16, 15, 14, 13, 12, 0]",5,"[131, 468, 858, 922, 1092]"
"[17, 16, 15, 14, 12, 0]",2,"[413, 930]"
"[17, 21, 22, 23]",3,"[131, 468, 529]"
"[17, 18, 455, 20, 21]",2,"[413, 899]"
"[17, 18, 19, 20, 21, 22, 23]",8,"[4, 200, 417, 606, 607, 608, 930, 1092]"
"[18, 455, 20, 21]",2,"[413, 899]"
"[18, 17, 16, 15, 25, 26, 27]",2,"[606, 607]"
"[18, 17, 16, 15, 14, 13, 12, 0]",3,"[858, 922, 1092]"
"[18, 17, 16, 15, 14, 12, 0]",2,"[413, 930]"
"[18, 19, 20, 21, 22, 23]",8,"[4, 200, 417, 606, 607, 608, 930, 1092]"
"[19, 455, 18, 17, 16, 15, 14]",2,"[413, 1092]"
"[19, 18, 17, 16, 15, 25, 26, 27]",2,"[606, 607]"
"[19, 18, 17, 16, 15, 14, 13, 12, 0]",2,"[858, 922]"
"[19, 20, 21, 22, 23]",8,"[4, 200, 417, 606, 607, 608, 930, 1092]"
"[20, 19, 455, 18, 17, 16, 15, 14]",2,"[413, 1092]"
"[20, 19, 18, 17, 16, 15, 25, 26, 27]",2,"[606, 607]"
"[20, 19, 18, 17, 16, 15, 14, 13, 12, 0]",2,"[858, 922]"
"[20, 21, 607, 549]",2,"[604, 899]"
"[20, 21, 22, 23]",9,"[4, 200, 413, 417, 606, 607, 608, 930, 1092]"
"[21, 607, 549]",2,"[604, 899]"
"[21, 20, 19, 455, 18, 17, 16, 15, 14]",2,"[413, 1092]"
"[21, 20, 19, 18, 17, 16, 15, 25, 26, 27]",2,"[606, 607]"
"[21, 20, 19, 18, 17, 16, 15, 14, 13, 12, 0]",2,"[858, 922]"
"[21, 17, 16, 15, 14, 13, 12, 0]",2,"[131, 468]"
"[21, 22, 23]",12,"[4, 131, 200, 413, 417, 468, 529, 606, 607, 608, 930, 1092]"
"[22, 21, 20, 19, 455, 18, 17, 16, 15, 14]",2,"[413, 1092]"
"[22, 21, 20, 19, 18, 17, 16, 15, 25, 26, 27]",2,"[606, 607]"
"[22, 21, 20, 19, 18, 17, 16, 15, 14]",2,"[200, 930]"
"[22, 21, 17, 16, 15, 14, 13, 12, 0]",2,"[131, 468]"
"[22, 23]",12,"[4, 131, 200, 413, 417, 468, 529, 606, 607, 608, 930, 1092]"
"[23, 22, 21, 20, 19, 455, 18, 17, 16, 15, 14]",2,"[413, 1092]"
"[23, 22, 21, 20, 19, 18, 17, 16, 15, 25, 26, 27]",2,"[606, 607]"
"[23, 22, 21, 20, 19, 18, 17, 16, 15, 14]",2,"[200, 930]"
"[23, 22, 21, 17, 16, 15, 14, 13, 12, 0]",2,"[131, 468]"
"[24, 15, 14, 456]",2,"[608, 831]"
"[25, 28]",2,"[508, 522]"
"[25, 205, 515, 516, 12, 0]",2,"[770, 1014]"
"[25, 205, 294, 12]",2,"[509, 771]"
"[25, 205, 294, 216, 12]",2,"[314, 517]"
"[25, 214, 206, 207, 208, 209, 210, 412]",2,"[304, 879]"
"[25, 215, 205, 515, 516, 12, 0]",2,"[523, 880]"
"[25, 215, 205, 294, 216, 12, 320]",2,"[445, 1018]"
"[25, 215, 205, 294, 216, 12, 0]",3,"[83, 606, 1011]"
"[25, 206, 207, 208, 209, 210, 412]",2,"[769, 880]"
"[25, 206, 207, 208, 209, 210, 214]",2,"[83, 143]"
"[25, 206, 207, 208, 209, 210, 211, 213, 212]",2,"[141, 143]"
"[25, 24, 15]",2,"[5, 608]"
"[25, 26, 27, 28, 206, 207, 208]",2,"[770, 1017]"
"[26, 25, 205, 515, 516, 12]",2,"[500, 512]"
"[26, 25, 205, 294]",2,"[314, 771]"
"[26, 25, 215, 205, 294, 216, 12]",2,"[1011, 1018]"
"[26, 27, 28, 206, 207, 208]",2,"[770, 1017]"
"[27, 28, 206, 207, 208]",2,"[770, 1017]"
"[27, 28, 25]",2,"[606, 1014]"
"[27, 28, 26, 25, 205, 294]",2,"[314, 771]"
"[27, 28, 26, 25, 215, 205, 294, 216, 12]",2,"[1011, 1018]"
"[27, 28, 29, 25, 215, 205]",3,"[445, 880, 904]"
"[27, 28, 29, 25, 206, 207, 208, 209, 210]",2,"[444, 880]"
"[28, 206, 207, 208]",2,"[770, 1017]"
"[28, 25, 205]",2,"[509, 1014]"
"[28, 25, 215, 205]",2,"[523, 606]"
"[28, 511]",2,"[508, 516]"
"[28, 26, 25, 205, 515, 516, 12]",2,"[500, 512]"
"[28, 26, 25, 205, 294]",2,"[314, 771]"
"[28, 26, 25, 215, 205, 294, 216, 12]",2,"[1011, 1018]"
"[28, 29, 25, 215, 205]",3,"[445, 880, 904]"
"[28, 29, 25, 206, 207, 208, 209, 210]",2,"[444, 880]"
"[29, 25, 215, 205]",3,"[445, 880, 904]"
"[29, 25, 206, 207, 208, 209, 210]",2,"[444, 880]"
"[30, 12]",2,"[506, 1010]"
"[31, 442, 240]",2,"[369, 899]"
"[31, 300, 299, 235]",2,"[396, 512]"
"[31, 300, 236, 235]",2,"[200, 445]"
"[31, 236, 235, 322, 0]",2,"[500, 771]"
"[31, 236, 235, 0]",5,"[143, 369, 397, 517, 915]"
"[31, 236, 235, 299, 300]",2,"[143, 397]"
"[31, 296, 321, 319, 320, 12]",2,"[200, 1016]"
"[31, 296, 301]",2,"[143, 1010]"
"[31, 583, 242, 297]",2,"[141, 736]"
"[31, 242, 297, 243]",2,"[108, 1018]"
"[31, 237, 241, 240, 597, 598, 15]",2,"[781, 831]"
"[31, 237, 241, 240, 238, 239]",2,"[396, 1070]"
"[31, 237, 240, 241]",2,"[108, 826]"
"[31, 237, 240, 238, 239]",2,"[108, 826]"
"[32, 137]",3,"[47, 506, 1098]"
"[33, 604, 137, 32]",3,"[47, 506, 1098]"
"[33, 34, 35, 36, 37, 136]",2,"[5, 47]"
"[34, 33, 604, 137, 32]",3,"[47, 506, 1098]"
"[34, 35, 36, 37, 136]",2,"[5, 47]"
"[35, 631]",2,"[915, 1070]"
"[35, 34, 33, 604, 137, 32]",2,"[506, 1098]"
"[35, 36, 37, 136]",3,"[5, 47, 1098]"
"[36, 540, 546, 545, 243, 539]",2,"[837, 850]"
"[36, 35, 631]",2,"[915, 1070]"
"[36, 35, 34, 33, 604, 137, 32]",2,"[506, 1098]"
"[36, 37, 0]",2,"[856, 1070]"
"[36, 37, 136, 135, 0]",4,"[593, 597, 605, 1098]"
"[36, 37, 136, 138, 0]",5,"[47, 587, 603, 832, 838]"
"[36, 37, 136, 0]",2,"[5, 581]"
"[37, 0]",3,"[843, 856, 1070]"
"[37, 36, 540, 546, 545, 243, 539]",2,"[837, 850]"
"[37, 36, 35, 631]",2,"[915, 1070]"
"[37, 36, 35, 34, 33, 604, 137, 32]",2,"[506, 1098]"
"[37, 136, 135, 0]",5,"[593, 597, 605, 851, 1098]"
"[37, 136, 138, 0]",5,"[47, 587, 603, 832, 838]"
"[37, 136, 0]",2,"[5, 581]"
"[38, 0]",6,"[6, 229, 247, 249, 322, 877]"
"[39, 100, 41, 387]",2,"[272, 931]"
"[39, 0]",3,"[7, 9, 21]"
"[39, 40, 387]",2,"[480, 967]"
"[39, 40, 41, 387]",2,"[931, 1031]"
"[39, 40, 41, 42, 48]",2,"[9, 931]"
"[40, 387]",2,"[480, 967]"
"[40, 41, 387]",2,"[931, 1031]"
"[40, 41, 42, 48]",2,"[9, 931]"
"[41, 387, 388, 389, 281]",2,"[272, 1031]"
"[41, 42, 48, 279, 0]",2,"[931, 1030]"
"[41, 42, 323, 48, 279, 0, 100]",2,"[203, 218]"
"[41, 42, 323, 48, 39, 0]",2,"[7, 21]"
"[42, 48, 279, 0]",2,"[931, 1030]"
"[42, 323, 48, 279, 0, 100, 41]",2,"[203, 218]"
"[42, 323, 48, 39, 0]",2,"[7, 21]"
"[43, 101, 0, 44, 45, 46]",2,"[8, 22]"
"[43, 0, 101]",3,"[8, 22, 724]"
"[43, 0, 44, 45, 46]",3,"[8, 22, 724]"
"[44, 45, 0, 101, 43]",2,"[8, 22]"
"[44, 45, 0, 43, 101]",2,"[8, 22]"
"[44, 45, 46, 47, 0]",2,"[8, 718]"
"[45, 0, 101, 43]",2,"[8, 22]"
"[45, 0, 44]",2,"[8, 22]"
"[45, 0, 43, 101]",2,"[8, 22]"
"[45, 46, 47, 0, 44]",2,"[8, 718]"
"[46, 45, 0]",2,"[22, 216]"
"[46, 47, 0, 44, 45]",2,"[8, 718]"
"[47, 46, 45]",2,"[216, 718]"
"[47, 0, 44, 45, 46]",2,"[8, 718]"
"[48, 279, 0, 100, 41, 42, 323]",2,"[203, 218]"
"[48, 39, 0]",3,"[7, 9, 21]"
"[48, 39, 40, 41, 42]",2,"[7, 9]"
"[49, 343, 51, 52, 73]",2,"[718, 735]"
"[49, 0, 503]",4,"[487, 718, 722, 992]"
"[49, 337, 50, 51, 52, 73, 338, 405]",2,"[478, 992]"
"[49, 337, 50, 51, 52, 53, 73]",2,"[487, 705]"
"[50, 337, 49, 0]",4,"[282, 478, 956, 957]"
"[50, 343]",2,"[217, 487]"
"[50, 51, 52, 73, 338, 405]",2,"[478, 992]"
"[50, 51, 52, 73, 338, 54]",2,"[282, 957]"
"[50, 51, 52, 53, 73]",2,"[487, 705]"
"[51, 337, 49, 0]",2,"[614, 722]"
"[51, 50, 337, 49, 0]",3,"[282, 478, 956]"
"[51, 50, 343]",2,"[217, 487]"
"[51, 0]",2,"[14, 735]"
"[51, 52, 73, 342, 54, 55, 56]",2,"[718, 721]"
"[51, 52, 73, 338, 405]",2,"[478, 992]"
"[51, 52, 73, 338, 54]",3,"[217, 282, 957]"
"[51, 52, 53, 73]",2,"[487, 705]"
"[52, 51, 50, 337, 49, 0]",3,"[282, 478, 956]"
"[52, 51, 50, 343]",2,"[217, 487]"
"[52, 73, 342, 54, 55, 56]",2,"[718, 721]"
"[52, 73, 338, 405]",2,"[478, 992]"
"[52, 73, 338, 54]",3,"[217, 282, 957]"
"[52, 53, 73]",2,"[487, 705]"
"[53, 51]",2,"[718, 722]"
"[53, 73]",2,"[487, 705]"
"[53, 52]",2,"[473, 957]"
"[54, 502]",2,"[478, 487]"
"[54, 338, 53, 52]",2,"[473, 957]"
"[54, 403, 55, 56, 57]",2,"[282, 705]"
"[54, 55, 56, 59]",2,"[478, 721]"
"[55, 403]",3,"[282, 478, 614]"
"[55, 54, 338, 53, 52]",2,"[473, 957]"
"[55, 56, 59]",2,"[478, 721]"
"[55, 56, 339, 58, 59]",2,"[487, 957]"
"[55, 56, 57, 58, 59, 60, 61, 62, 63, 64, 65, 613, 555, 66, 67]",2,"[13, 614]"
"[56, 59]",2,"[478, 721]"
"[56, 55, 403]",3,"[282, 478, 614]"
"[56, 55, 54, 338, 53, 52]",2,"[473, 957]"
"[56, 339, 58, 59, 60, 61, 62]",2,"[217, 957]"
"[56, 57, 58, 59, 60, 61, 62, 63, 64, 65, 613, 555, 66, 67]",2,"[13, 614]"
"[57, 56, 55, 403]",2,"[478, 614]"
"[57, 58, 59, 60, 61, 62, 63, 64, 65, 613, 555, 66, 67]",2,"[13, 614]"
"[58, 339, 56, 55, 54, 338, 53, 52]",2,"[473, 957]"
"[58, 339, 56, 57]",2,"[282, 473]"
"[58, 59, 341, 60, 61, 62, 63, 64, 65]",2,"[282, 487]"
"[58, 59, 60, 61, 480]",2,"[614, 957]"
"[58, 59, 60, 61, 62, 63, 64, 65, 613, 555, 66, 67]",2,"[13, 614]"
"[59, 56]",2,"[718, 722]"
"[59, 58, 339, 56, 55, 54, 338, 53, 52]",2,"[473, 957]"
"[59, 58, 339, 56, 57]",2,"[282, 473]"
"[59, 341, 60, 61, 62, 63, 64, 65]",2,"[282, 487]"
"[59, 60, 61, 480]",2,"[614, 957]"
"[59, 60, 61, 62, 63, 64, 65, 482]",2,"[721, 957]"
"[59, 60, 61, 62, 63, 64, 65, 613, 555, 66, 67]",2,"[13, 614]"
"[60, 59, 56]",2,"[718, 722]"
"[60, 57]",2,"[14, 478]"
"[60, 61, 480]",2,"[614, 957]"
"[60, 61, 62, 63, 64, 65, 482]",2,"[721, 957]"
"[60, 61, 62, 63, 64, 65, 481, 482, 483, 567, 614, 484]",2,"[487, 705]"
"[60, 61, 62, 63, 64, 65, 613, 555, 66, 67]",2,"[13, 614]"
"[61, 480, 59, 58, 339, 56, 55, 54, 338, 53, 52]",2,"[473, 957]"
"[61, 60, 59, 56]",2,"[718, 722]"
"[61, 60, 57]",2,"[14, 478]"
"[61, 62, 63, 64, 65, 482]",2,"[721, 957]"
"[61, 62, 63, 64, 65, 481, 482, 483, 567, 614, 484]",2,"[487, 705]"
"[61, 62, 63, 64, 65, 613, 72, 555]",2,"[282, 956]"
"[61, 62, 63, 64, 65, 613, 555, 66, 67]",2,"[13, 614]"
"[62, 61, 480, 59, 58, 339, 56, 55, 54, 338, 53, 52]",2,"[473, 957]"
"[62, 61, 60, 59]",2,"[487, 722]"
"[62, 61, 60, 57]",2,"[14, 478]"
"[62, 63, 64, 65, 482]",2,"[721, 957]"
"[62, 63, 64, 65, 481, 482, 483, 567, 614, 484]",2,"[487, 705]"
"[62, 63, 64, 65, 613, 72, 555]",2,"[282, 956]"
"[62, 63, 64, 65, 613, 555, 66, 67]",2,"[13, 614]"
"[63, 62, 61, 480, 59, 58, 339, 56, 55, 54, 338, 53, 52]",2,"[473, 957]"
"[63, 62, 61, 60, 59]",2,"[487, 722]"
"[63, 62, 61, 60, 57]",2,"[14, 478]"
"[63, 64, 65, 482]",2,"[721, 957]"
"[63, 64, 65, 481, 482, 483, 567, 614, 484]",2,"[487, 705]"
"[63, 64, 65, 613, 72, 555]",2,"[282, 956]"
"[63, 64, 65, 613, 555, 66, 67]",2,"[13, 614]"
"[64, 63, 62, 61, 480, 59, 58, 339, 56, 55, 54, 338, 53, 52]",2,"[473, 957]"
"[64, 63, 62, 61, 60, 59]",2,"[487, 722]"
"[64, 65, 482]",2,"[721, 957]"
"[64, 65, 481, 482, 483, 567, 614, 484]",2,"[487, 705]"
"[64, 65, 613, 72, 555]",2,"[282, 956]"
"[64, 65, 613, 555, 66, 67]",2,"[13, 614]"
"[65, 482]",2,"[721, 957]"
"[65, 481, 482, 483, 567, 614, 484]",2,"[487, 705]"
"[65, 64, 63, 62, 61, 480]",3,"[614, 956, 957]"
"[65, 64, 63, 62, 61, 60]",3,"[14, 282, 487]"
"[65, 613, 72, 555]",2,"[282, 956]"
"[65, 613, 555, 66, 67]",2,"[13, 614]"
"[66, 555, 72, 65, 64, 63, 62, 61]",2,"[14, 614]"
"[66, 67]",2,"[13, 614]"
"[67, 610, 69, 70, 485]",2,"[614, 956]"
"[68, 66]",2,"[718, 956]"
"[69, 610, 66, 555, 72, 65, 64, 63, 62, 61]",2,"[14, 614]"
"[69, 70, 485]",2,"[614, 956]"
"[70, 485]",2,"[614, 956]"
"[72, 555]",3,"[282, 718, 956]"
"[72, 65, 64, 63, 62, 61]",2,"[14, 614]"
"[73, 342, 54, 55, 56]",2,"[718, 721]"
"[73, 52, 51, 50, 337, 49, 0]",2,"[478, 956]"
"[73, 52, 51, 50, 343]",2,"[217, 487]"
"[73, 52, 53]",2,"[487, 614]"
"[73, 338, 405]",2,"[478, 992]"
"[73, 338, 54, 403, 55, 56, 57]",2,"[282, 705]"
"[73, 51, 0]",2,"[14, 735]"
"[74, 557, 0]",2,"[615, 690]"
"[75, 565, 556, 74, 557, 0]",2,"[615, 690]"
"[76, 0]",6,"[277, 476, 726, 900, 1024, 1039]"
"[76, 77, 78, 0]",7,"[17, 25, 360, 633, 641, 1034, 1039]"
"[77, 78, 0, 76]",7,"[17, 25, 360, 633, 641, 1034, 1039]"
"[78, 504, 505, 506, 507, 508]",2,"[487, 1025]"
"[78, 397, 398, 399, 392, 393, 394]",2,"[279, 984]"
"[78, 397, 621]",3,"[279, 328, 984]"
"[78, 391]",5,"[274, 698, 717, 726, 748]"
"[78, 375, 437, 377, 378]",3,"[470, 559, 564]"
"[78, 375, 376, 437]",3,"[571, 717, 750]"
"[78, 375, 376, 377, 378, 520, 519, 518]",4,"[530, 543, 547, 555]"
"[78, 375, 376, 377, 378, 437]",2,"[355, 746]"
"[78, 375, 376, 377, 378, 379, 380]",2,"[271, 355]"
"[78, 0, 509]",2,"[711, 724]"
"[78, 0, 503]",3,"[487, 711, 746]"
"[78, 0, 76, 77]",7,"[17, 25, 360, 633, 641, 1034, 1039]"
"[79, 432]",2,"[361, 553]"
"[79, 431, 432]",4,"[339, 616, 631, 719]"
"[79, 0]",7,"[18, 215, 339, 361, 616, 719, 1027]"
"[79, 80]",4,"[18, 215, 746, 1027]"
"[80, 79, 0]",3,"[18, 215, 1027]"
"[81, 0]",3,"[270, 717, 933]"
"[82, 0]",2,"[19, 613]"
"[82, 83, 373, 84]",2,"[19, 747]"
"[83, 372, 374, 0]",4,"[275, 579, 747, 984]"
"[83, 372, 374, 81, 0]",2,"[270, 717]"
"[83, 82, 0]",2,"[19, 613]"
"[83, 373, 84]",2,"[19, 747]"
"[84, 83]",2,"[747, 978]"
"[84, 373, 83, 372, 374, 0]",2,"[275, 984]"
"[84, 373, 83, 372, 374, 81, 0]",2,"[270, 717]"
"[85, 84, 373, 83, 372, 374, 0]",2,"[275, 984]"
"[85, 89, 84, 83]",2,"[747, 978]"
"[85, 89, 84, 373, 83]",2,"[19, 270]"
"[85, 86, 87, 88]",2,"[19, 270]"
"[86, 85, 84, 373, 83, 372, 374, 0]",2,"[275, 984]"
"[86, 85, 89, 84, 83]",2,"[747, 978]"
"[86, 85, 89, 84, 373, 83]",2,"[19, 270]"
"[86, 87, 88]",2,"[19, 270]"
"[87, 86, 85, 84, 373, 83, 372, 374, 0]",2,"[275, 984]"
"[87, 86, 85, 89, 84, 373, 83]",2,"[19, 270]"
"[87, 88]",2,"[19, 270]"
"[88, 87, 86, 85, 89, 84, 373, 83]",2,"[19, 270]"
"[89, 84, 83]",2,"[747, 978]"
"[89, 84, 373, 83]",2,"[19, 270]"
"[90, 91, 407, 324]",2,"[289, 565]"
"[91, 407, 324]",5,"[289, 565, 728, 744, 751]"
"[91, 90]",2,"[288, 296]"
"[91, 284, 92, 595, 400, 94, 596, 98, 99, 0]",2,"[787, 793]"
"[91, 284, 92, 427, 428, 429, 430, 98, 99, 0]",2,"[337, 565]"
"[91, 284, 92, 93, 94]",2,"[785, 789]"
"[91, 92, 427, 428, 429]",2,"[537, 695]"
"[91, 92, 93]",2,"[19, 982]"
"[92, 595, 400, 94, 596, 98, 99, 0]",2,"[787, 793]"
"[92, 284, 91]",2,"[728, 792]"
"[92, 427, 428, 429, 430, 98, 99, 0]",3,"[337, 537, 565]"
"[92, 93, 94, 95, 96]",2,"[19, 789]"
"[93, 94, 95, 96]",2,"[19, 789]"
"[94, 96, 594, 98, 99, 0]",2,"[783, 791]"
"[94, 596, 98, 99, 0]",2,"[787, 793]"
"[94, 596, 97, 98, 99, 0]",2,"[280, 785]"
"[94, 95, 96, 97, 98, 99, 0]",2,"[19, 137]"
"[95, 94]",2,"[751, 792]"
"[95, 594, 98, 99, 0, 324]",2,"[727, 982]"
"[95, 96, 97, 98, 99, 0]",2,"[19, 137]"
"[96, 594, 98, 99, 0]",3,"[783, 789, 791]"
"[96, 97, 98, 99, 0]",2,"[19, 137]"
"[97, 98, 99, 0]",4,"[19, 137, 280, 785]"
"[98, 594, 97]",2,"[751, 792]"
"[98, 99, 0, 324]",3,"[629, 727, 982]"
"[98, 99, 0, 406]",2,"[137, 565]"
"[99, 98, 594, 97]",2,"[751, 792]"
"[99, 0, 324]",3,"[629, 727, 982]"
"[99, 0, 406]",2,"[137, 565]"
"[100, 41, 387]",2,"[272, 931]"
"[100, 41, 42, 48, 279, 0]",2,"[931, 1030]"
"[100, 41, 42, 323, 48, 279, 0]",2,"[203, 218]"
"[101, 0, 44, 45, 46]",2,"[8, 22]"
"[101, 0, 43]",2,"[8, 22]"
"[101, 43, 0, 44, 45, 46]",3,"[8, 22, 724]"
"[102, 0]",2,"[546, 554]"
"[103, 286, 0]",3,"[959, 961, 962]"
"[103, 286, 287, 288, 289, 290]",2,"[959, 962]"
"[103, 0, 101, 43]",2,"[8, 22]"
"[103, 0, 44, 45, 46]",2,"[8, 22]"
"[103, 0, 43, 101]",2,"[8, 22]"
"[104, 0, 278, 277]",3,"[273, 557, 736]"
"[104, 0, 111]",2,"[29, 357]"
"[104, 0, 112, 113, 114, 115]",2,"[29, 357]"
"[104, 0, 120, 106, 105]",2,"[28, 362]"
"[104, 0, 120, 106, 107]",2,"[28, 362]"
"[104, 0, 577]",2,"[29, 1038]"
"[104, 105, 0]",3,"[23, 30, 940]"
"[104, 105, 106, 120, 0]",2,"[366, 1039]"
"[104, 105, 106, 336, 333, 334, 335]",3,"[214, 1023, 1039]"
"[104, 105, 106, 107, 108]",2,"[23, 618]"
"[105, 104, 0, 278, 277]",3,"[273, 557, 736]"
"[105, 104, 0, 111]",2,"[29, 357]"
"[105, 104, 0, 112, 113, 114, 115]",2,"[29, 357]"
"[105, 104, 0, 120, 106, 107]",2,"[28, 362]"
"[105, 104, 0, 577]",2,"[29, 1038]"
"[105, 0, 104]",3,"[23, 30, 940]"
"[105, 106, 120, 0, 104]",2,"[366, 1039]"
"[105, 106, 336, 333, 334, 335]",3,"[214, 1023, 1039]"
"[105, 106, 107, 108]",2,"[23, 618]"
"[106, 277, 278]",2,"[618, 627]"
"[106, 523]",3,"[534, 627, 940]"
"[106, 120, 0, 104, 105]",2,"[366, 1039]"
"[106, 390, 277, 332]",2,"[282, 973]"
"[106, 390, 277, 278, 0]",2,"[282, 973]"
"[106, 332, 277, 278, 331, 0]",2,"[278, 483]"
"[106, 332, 277, 278, 0]",5,"[213, 286, 970, 976, 1023]"
"[106, 336, 333, 334, 335]",5,"[213, 214, 286, 1023, 1039]"
"[106, 105, 104, 0, 278, 277]",3,"[273, 557, 736]"
"[106, 105, 104, 0, 111]",2,"[29, 357]"
"[106, 105, 104, 0, 112, 113, 114, 115]",2,"[29, 357]"
"[106, 105, 104, 0, 120]",2,"[28, 362]"
"[106, 105, 104, 0, 577]",2,"[29, 1038]"
"[106, 105, 0, 104]",3,"[23, 30, 940]"
"[106, 107, 108, 109, 110]",6,"[23, 278, 357, 620, 621, 970]"
"[107, 106, 120, 0]",2,"[366, 620]"
"[107, 106, 390, 277, 332]",2,"[282, 973]"
"[107, 106, 390, 277, 278, 0]",2,"[282, 973]"
"[107, 106, 332, 277, 278, 0]",2,"[970, 976]"
"[107, 106, 105, 104, 0, 278, 277]",2,"[273, 557]"
"[107, 106, 105, 104, 0, 111]",2,"[29, 357]"
"[107, 106, 105, 104, 0, 112, 113, 114, 115]",2,"[29, 357]"
"[107, 106, 105, 104, 0, 120]",2,"[28, 362]"
"[107, 106, 105, 104, 0, 577]",2,"[29, 1038]"
"[107, 106, 105, 0, 104]",2,"[23, 30]"
"[107, 108, 109, 110]",6,"[23, 278, 357, 620, 621, 970]"
"[108, 107, 106, 332, 277, 278]",2,"[278, 970]"
"[108, 107, 106, 105, 104, 0, 278, 277]",2,"[273, 557]"
"[108, 107, 106, 105, 0]",2,"[23, 621]"
"[108, 109, 110]",6,"[23, 278, 357, 620, 621, 970]"
"[109, 108, 107, 106, 105]",2,"[23, 357]"
"[109, 110, 108, 107, 106]",2,"[621, 970]"
"[110, 108, 107, 106]",2,"[621, 970]"
"[110, 108, 109]",2,"[621, 970]"
"[110, 109, 108, 107, 106, 105]",2,"[23, 357]"
"[111, 0, 112, 123]",2,"[558, 974]"
"[111, 0, 112, 113, 114, 115, 116, 117, 118]",2,"[24, 357]"
"[112, 124, 0]",2,"[637, 732]"
"[112, 580, 530, 531, 115, 349, 125]",2,"[732, 1038]"
"[112, 580, 530, 531, 115, 121, 122]",2,"[568, 1038]"
"[112, 123, 530]",2,"[949, 974]"
"[112, 113, 114, 115, 116, 117, 118]",2,"[24, 357]"
"[113, 123, 124, 0, 111]",2,"[29, 568]"
"[113, 114, 115, 116, 117, 118]",2,"[24, 357]"
"[114, 113, 123, 124, 0, 111]",2,"[29, 568]"
"[114, 115, 116, 117, 118]",2,"[24, 357]"
"[115, 349, 125]",2,"[732, 1038]"
"[115, 349, 114, 113]",2,"[220, 568]"
"[115, 125, 580, 123, 124, 0]",2,"[29, 740]"
"[115, 121, 122]",4,"[220, 568, 731, 1038]"
"[115, 121, 533, 122]",2,"[29, 568]"
"[115, 532]",2,"[29, 568]"
"[115, 116, 528, 578]",2,"[558, 731]"
"[115, 116, 117, 118, 441, 396, 119]",3,"[359, 640, 949]"
"[116, 528, 578]",2,"[558, 731]"
"[116, 115, 349, 114]",2,"[220, 739]"
"[116, 117, 118, 441, 396, 119]",4,"[359, 577, 640, 949]"
"[117, 116, 115, 349]",2,"[732, 739]"
"[117, 0]",4,"[265, 580, 724, 743]"
"[117, 118, 364, 0]",2,"[713, 974]"
"[117, 118, 441, 396, 119]",4,"[359, 577, 640, 949]"
"[118, 364, 0]",2,"[713, 974]"
"[118, 363]",2,"[482, 900]"
"[118, 441, 396, 119]",4,"[359, 577, 640, 949]"
"[119, 440, 0, 76, 77, 78]",2,"[25, 360]"
"[120, 0, 104, 105, 106]",2,"[366, 1039]"
"[120, 106, 105, 104, 0]",2,"[28, 362]"
"[120, 106, 107]",2,"[28, 362]"
"[121, 122]",4,"[220, 568, 731, 1038]"
"[121, 115, 349, 114, 113]",2,"[220, 568]"
"[121, 115, 125]",2,"[29, 568]"
"[121, 115, 532]",2,"[29, 568]"
"[121, 533, 122]",2,"[29, 568]"
"[122, 121, 115, 349, 114, 113]",2,"[220, 568]"
"[122, 121, 115, 125]",2,"[29, 568]"
"[122, 121, 115, 532]",2,"[29, 568]"
"[122, 121, 533]",2,"[29, 568]"
"[123, 530, 115, 121, 122]",2,"[568, 731]"
"[123, 530, 531, 115]",2,"[568, 974]"
"[123, 124, 0, 111]",2,"[29, 568]"
"[124, 0, 111]",3,"[29, 568, 732]"
"[124, 0, 112]",2,"[29, 732]"
"[125, 112, 124, 0]",2,"[637, 732]"
"[125, 580, 123, 124, 0]",2,"[29, 740]"
"[126, 0]",3,"[35, 45, 720]"
"[127, 128, 0]",3,"[39, 507, 1065]"
"[128, 0, 127]",3,"[39, 507, 1065]"
"[129, 0, 476]",5,"[449, 452, 455, 456, 457]"
"[129, 0, 271]",2,"[120, 827]"
"[129, 0, 180]",3,"[201, 414, 681]"
"[130, 0, 307]",2,"[149, 174]"
"[130, 0, 218, 316, 306, 317]",3,"[149, 174, 998]"
"[130, 0, 159, 160]",2,"[149, 174]"
"[131, 0]",2,"[926, 1048]"
"[131, 303, 132, 223, 133, 134, 0]",2,"[178, 824]"
"[131, 303, 133, 134, 0]",2,"[147, 805]"
"[131, 132, 223, 133, 134, 0]",2,"[45, 97]"
"[132, 223, 133, 134, 0, 131, 303]",2,"[178, 824]"
"[133, 134, 0, 131, 303, 132, 223]",2,"[178, 824]"
"[133, 134, 0, 131, 132, 223]",2,"[45, 97]"
"[134, 0, 131, 303, 132, 223, 133]",2,"[178, 824]"
"[134, 0, 131, 303, 133]",2,"[147, 805]"
"[134, 0, 131, 132, 223, 133]",2,"[45, 97]"
"[135, 0]",5,"[593, 597, 605, 851, 1098]"
"[135, 136, 37, 36, 35, 631]",2,"[915, 1070]"
"[135, 136, 37, 36, 35, 34, 33, 604, 137, 32]",2,"[506, 1098]"
"[136, 135, 0]",5,"[593, 597, 605, 851, 1098]"
"[136, 138, 0]",5,"[47, 587, 603, 832, 838]"
"[136, 37, 36, 35, 631]",2,"[915, 1070]"
"[136, 37, 36, 35, 34, 33, 604, 137, 32]",2,"[506, 1098]"
"[136, 0]",2,"[5, 581]"
"[137, 242]",2,"[506, 1070]"
"[137, 32]",3,"[47, 506, 1098]"
"[138, 0]",5,"[47, 587, 603, 832, 838]"
"[139, 445, 599, 265]",2,"[405, 853]"
"[139, 266, 140, 269, 257]",2,"[853, 1081]"
"[139, 140, 269]",2,"[50, 916]"
"[140, 139, 445]",2,"[853, 1081]"
"[140, 139, 266]",2,"[853, 1081]"
"[140, 269, 257, 605, 447, 255, 254, 267, 142, 141]",2,"[916, 1081]"
"[140, 269, 257, 605, 447, 255, 254, 267, 142, 143, 144, 145, 146, 147, 148, 149, 150]",2,"[916, 1081]"
"[141, 255, 254, 267, 142, 143]",2,"[853, 916]"
"[141, 255, 256]",2,"[405, 916]"
"[141, 142, 143, 144, 145, 146, 147, 148, 149, 150, 151, 152, 153, 0]",2,"[50, 116]"
"[142, 141, 255, 254, 267]",3,"[405, 853, 916]"
"[142, 141, 255, 256]",2,"[405, 916]"
"[142, 143, 145, 146, 147, 148, 149, 150, 152, 153, 0, 233]",2,"[321, 853]"
"[142, 143, 144, 145, 146, 147, 148, 149, 150, 151, 152, 0]",4,"[297, 312, 315, 916]"
"[142, 143, 144, 145, 146, 147, 148, 149, 150, 151, 152, 153, 0]",2,"[50, 116]"
"[143, 145, 146, 147, 148, 149, 150, 152, 153, 0, 233]",2,"[321, 853]"
"[143, 142, 141, 255, 254, 267]",3,"[405, 853, 916]"
"[143, 142, 141, 255, 256]",2,"[405, 916]"
"[143, 144, 145, 146, 147, 148, 149, 150, 151, 152, 0]",4,"[297, 312, 315, 916]"
"[143, 144, 145, 146, 147, 148, 149, 150, 151, 152, 153, 0]",2,"[50, 116]"
"[144, 143, 142, 141]",3,"[116, 916, 1081]"
"[144, 145, 146, 147, 148, 149, 150, 151, 152, 0]",4,"[297, 312, 315, 916]"
"[144, 145, 146, 147, 148, 149, 150, 151, 152, 153, 0]",2,"[50, 116]"
"[145, 143, 142, 141, 255, 254, 267]",2,"[405, 853]"
"[145, 270, 147, 411]",2,"[118, 303]"
"[145, 144, 143, 142, 141]",3,"[116, 916, 1081]"
"[145, 146, 147, 270]",3,"[105, 504, 813]"
"[145, 146, 147, 148, 149, 150, 152, 151]",3,"[105, 853, 1081]"
"[145, 146, 147, 148, 149, 150, 152, 153, 0, 233, 251, 230]",2,"[105, 853]"
"[145, 146, 147, 148, 149, 150, 234]",3,"[105, 116, 504]"
"[145, 146, 147, 148, 149, 150, 151, 152, 0, 153]",2,"[504, 916]"
"[145, 146, 147, 148, 149, 150, 151, 152, 153, 0]",2,"[50, 116]"
"[146, 145, 143, 142, 141, 255, 254, 267]",2,"[405, 853]"
"[146, 145, 144, 143, 142, 141]",3,"[116, 916, 1081]"
"[146, 147, 270]",3,"[105, 504, 813]"
"[146, 147, 148, 149, 150, 152, 151]",3,"[105, 853, 1081]"
"[146, 147, 148, 149, 150, 152, 153, 0, 233, 251, 230]",2,"[105, 853]"
"[146, 147, 148, 149, 150, 234]",3,"[105, 116, 504]"
"[146, 147, 148, 149, 150, 151, 152, 0, 153]",2,"[504, 916]"
"[146, 147, 148, 149, 150, 151, 152, 153, 0]",2,"[50, 116]"
"[147, 411, 150]",2,"[303, 405]"
"[147, 146, 145, 143, 142]",2,"[308, 853]"
"[147, 146, 145, 144, 143, 142, 141]",3,"[116, 916, 1081]"
"[147, 270, 146, 145]",3,"[105, 504, 813]"
"[147, 148, 149, 150, 152, 151]",3,"[105, 853, 1081]"
"[147, 148, 149, 150, 152, 153, 0, 233, 251, 230]",2,"[105, 853]"
"[147, 148, 149, 150, 234]",3,"[105, 116, 504]"
"[147, 148, 149, 150, 151, 152, 0, 153]",2,"[504, 916]"
"[147, 148, 149, 150, 151, 152, 153, 0]",2,"[50, 116]"
"[148, 147, 146, 145, 143, 142]",2,"[308, 853]"
"[148, 147, 146, 145, 144, 143, 142, 141]",3,"[116, 916, 1081]"
"[148, 147, 270, 146, 145]",2,"[105, 813]"
"[148, 149, 150, 152, 151]",3,"[105, 853, 1081]"
"[148, 149, 150, 152, 153, 0, 233, 251, 230]",2,"[105, 853]"
"[148, 149, 150, 234]",3,"[105, 116, 504]"
"[148, 149, 150, 151, 152, 0, 153]",2,"[504, 916]"
"[148, 149, 150, 151, 152, 153, 0]",2,"[50, 116]"
"[149, 148, 147, 146, 145, 143, 142]",2,"[308, 853]"
"[149, 148, 147, 146, 145, 144, 143, 142, 141]",2,"[116, 1081]"
"[149, 150, 152, 151]",3,"[105, 853, 1081]"
"[149, 150, 152, 153, 0, 233, 251, 230]",2,"[105, 853]"
"[149, 150, 234]",3,"[105, 116, 504]"
"[149, 150, 151, 152, 0, 153]",2,"[504, 916]"
"[149, 150, 151, 152, 153, 0]",2,"[50, 116]"
"[150, 149, 148, 147, 146, 145, 143, 142]",2,"[308, 853]"
"[150, 149, 148, 147, 146, 145, 144, 143, 142]",5,"[118, 302, 314, 320, 1081]"
"[150, 152, 151]",3,"[105, 853, 1081]"
"[150, 152, 153, 0, 233, 251, 230]",2,"[105, 853]"
"[150, 234, 411, 148]",2,"[405, 813]"
"[150, 234, 149, 148, 147]",2,"[105, 116]"
"[150, 151, 152, 0, 153]",3,"[504, 866, 916]"
"[150, 151, 152, 0, 9, 10, 11, 225, 226, 227, 228, 229, 230, 231]",2,"[118, 813]"
"[150, 151, 152, 153, 0]",2,"[50, 116]"
"[151, 150, 149, 148, 147, 146, 145, 143, 142]",2,"[308, 853]"
"[151, 150, 149, 148, 147, 146, 145, 144, 143, 142]",4,"[118, 314, 320, 1081]"
"[151, 150, 152, 153, 0, 233, 251, 230]",2,"[105, 853]"
"[151, 150, 234, 411, 148]",2,"[405, 813]"
"[151, 150, 234, 149, 148, 147]",2,"[105, 116]"
"[151, 152, 0, 153]",3,"[504, 866, 916]"
"[151, 152, 0, 9, 10, 11, 225, 226, 227, 228, 229, 230, 231]",2,"[118, 813]"
"[151, 152, 153, 0]",2,"[50, 116]"
"[152, 150]",2,"[302, 311]"
"[152, 0, 153]",3,"[504, 866, 916]"
"[152, 0, 9, 10, 11, 225, 226, 227, 228, 229, 230, 231]",2,"[118, 813]"
"[152, 151, 150, 149, 148, 147, 146, 145, 143, 142]",2,"[308, 853]"
"[152, 151, 150, 149, 148, 147, 146, 145, 144, 143, 142]",4,"[118, 314, 320, 1081]"
"[152, 151, 150, 234, 411, 148]",2,"[405, 813]"
"[152, 151, 150, 234, 149, 148, 147]",2,"[105, 116]"
"[152, 153, 0, 233, 232, 231, 230]",2,"[116, 321]"
"[152, 153, 0, 233, 251, 230]",2,"[105, 853]"
"[152, 153, 0, 9, 10, 11, 225, 226, 227, 228, 229, 230, 231, 232, 233]",2,"[105, 116]"
"[153, 152, 150]",2,"[302, 311]"
"[153, 152, 0]",3,"[504, 866, 916]"
"[153, 152, 151, 150, 149, 148, 147, 146, 145, 143, 142]",2,"[308, 853]"
"[153, 152, 151, 150, 149, 148, 147, 146, 145, 144, 143, 142]",3,"[314, 320, 1081]"
"[153, 152, 151, 150, 234]",2,"[105, 504]"
"[153, 0, 233, 232, 231, 230]",2,"[116, 321]"
"[153, 0, 233, 251, 230]",2,"[105, 853]"
"[153, 0, 9, 10, 11, 225, 226, 227, 228, 229, 230, 231, 232, 233]",2,"[105, 116]"
"[154, 0]",5,"[51, 166, 394, 446, 1067]"
"[155, 156, 0, 273]",2,"[123, 385]"
"[155, 573, 157]",2,"[57, 720]"
"[156, 0, 273, 155]",2,"[123, 385]"
"[156, 155]",2,"[57, 372]"
"[157, 573, 0]",2,"[100, 1018]"
"[158, 0]",2,"[57, 107]"
"[159, 0]",4,"[75, 97, 282, 637]"
"[159, 160, 0, 401]",2,"[281, 636]"
"[159, 160, 0, 307]",2,"[149, 174]"
"[159, 160, 0, 218, 316, 306, 317, 130]",2,"[149, 174]"
"[159, 160, 0, 162, 163, 164]",2,"[66, 149]"
"[160, 0, 401]",2,"[281, 636]"
"[160, 0, 307]",2,"[149, 174]"
"[160, 0, 218, 316, 306, 317, 130]",2,"[149, 174]"
"[160, 0, 162, 163, 164]",2,"[66, 149]"
"[160, 0, 159]",21,"[60, 66, 127, 149, 174, 257, 260, 281, 390, 525, 589, 598, 636, 720, 761, 765, 828, 910, 919, 1000, 1083]"
"[161, 190, 189, 188, 186, 192, 183]",2,"[79, 679]"
"[161, 190, 189, 188, 186, 187]",5,"[78, 79, 129, 300, 679]"
"[161, 195, 191]",2,"[78, 79]"
"[161, 191, 195]",2,"[78, 79]"
"[161, 0]",2,"[63, 415]"
"[162, 0]",8,"[67, 150, 198, 241, 805, 845, 927, 1055]"
"[162, 163, 164, 165, 166, 167, 168, 169]",2,"[804, 1054]"
"[162, 163, 164, 171, 167, 168, 169]",3,"[149, 197, 873]"
"[162, 163, 164, 353, 165, 166, 167, 168, 169]",2,"[66, 240]"
"[163, 162, 0]",8,"[67, 150, 198, 241, 805, 845, 927, 1055]"
"[163, 164, 165, 166, 167, 168, 169]",3,"[804, 857, 1054]"
"[163, 164, 171, 167, 168, 169]",3,"[149, 197, 873]"
"[163, 164, 353, 165, 166, 167, 168, 169]",2,"[66, 240]"
"[164, 165, 166, 167, 168, 169]",3,"[804, 857, 1054]"
"[164, 171, 167, 168, 169]",3,"[149, 197, 873]"
"[164, 163, 162, 0]",8,"[67, 150, 198, 241, 805, 845, 927, 1055]"
"[164, 353, 165, 166, 167, 168, 169]",2,"[66, 240]"
"[165, 166, 167, 168, 169]",5,"[66, 240, 804, 857, 1054]"
"[166, 167, 168, 169]",5,"[66, 240, 804, 857, 1054]"
"[167, 171, 164, 163, 162, 0]",7,"[67, 150, 198, 241, 805, 845, 1055]"
"[167, 168, 169]",9,"[66, 149, 197, 240, 804, 857, 873, 926, 1054]"
"[168, 167, 171, 164, 163, 162, 0]",7,"[67, 150, 198, 241, 805, 845, 1055]"
"[168, 169]",10,"[66, 149, 197, 240, 750, 804, 857, 873, 926, 1054]"
"[169, 308, 170, 309]",4,"[241, 805, 927, 1055]"
"[169, 308, 309]",3,"[150, 198, 874]"
"[169, 168, 167, 171, 164, 163, 162, 0]",7,"[67, 150, 198, 241, 805, 845, 1055]"
"[170, 309, 169, 308]",4,"[241, 805, 927, 1055]"
"[170, 309, 169, 168, 167, 171, 164, 163, 162, 0]",3,"[241, 805, 1055]"
"[171, 167, 168, 169]",3,"[149, 197, 873]"
"[171, 164, 163, 162, 0]",7,"[67, 150, 198, 241, 805, 845, 1055]"
"[172, 318, 177, 178]",2,"[958, 964]"
"[172, 0]",5,"[186, 404, 489, 595, 658]"
"[172, 173, 174, 175, 318, 176, 177, 178, 179]",2,"[186, 658]"
"[172, 173, 174, 175, 176, 177]",2,"[71, 775]"
"[173, 172, 0]",4,"[186, 489, 595, 658]"
"[173, 174, 175, 318, 176, 177, 178, 179]",2,"[186, 658]"
"[173, 174, 175, 176, 177]",2,"[71, 775]"
"[174, 175, 318, 176, 177, 178, 179]",2,"[186, 658]"
"[174, 175, 173]",2,"[71, 658]"
"[174, 175, 176, 177]",2,"[71, 775]"
"[175, 318, 176, 177, 178, 179]",2,"[186, 658]"
"[175, 173, 172, 0]",3,"[489, 595, 658]"
"[175, 173, 174]",2,"[71, 658]"
"[175, 176, 177]",2,"[71, 775]"
"[176, 175, 173, 172, 0]",2,"[489, 595]"
"[176, 177, 175, 173, 174]",2,"[71, 658]"
"[176, 177, 178, 179]",3,"[71, 186, 658]"
"[177, 176, 175, 173, 172, 0]",2,"[489, 595]"
"[177, 318]",2,"[186, 404]"
"[177, 175, 173, 174]",2,"[71, 658]"
"[177, 178, 179, 444, 443, 510]",2,"[404, 658]"
"[178, 177, 176, 175, 173, 172, 0]",2,"[489, 595]"
"[178, 177, 318]",2,"[186, 404]"
"[178, 177, 175, 173, 174]",2,"[71, 658]"
"[178, 179, 444, 443, 510]",3,"[404, 489, 658]"
"[179, 444, 443, 510]",3,"[404, 489, 658]"
"[179, 178, 177, 176, 175, 173, 172, 0]",2,"[489, 595]"
"[179, 178, 177, 318]",2,"[186, 404]"
"[179, 178, 177, 175, 173, 174]",2,"[71, 658]"
"[180, 0, 129]",3,"[201, 414, 681]"
"[181, 196, 193]",2,"[469, 860]"
"[181, 193, 608, 183]",2,"[129, 930]"
"[181, 0]",5,"[78, 79, 129, 300, 860]"
"[181, 275, 182, 196]",2,"[79, 300]"
"[181, 275, 182, 183, 184, 185, 186, 187, 188, 189, 190, 161]",2,"[78, 415]"
"[182, 196, 181, 0]",3,"[79, 300, 860]"
"[182, 196, 181, 275]",2,"[79, 300]"
"[182, 183, 184, 185, 186, 187, 188, 189, 190, 161]",2,"[78, 415]"
"[183, 194]",2,"[469, 930]"
"[183, 184, 185, 186, 187, 188, 189, 190, 161]",3,"[78, 129, 415]"
"[184, 192, 185, 186, 187, 188, 189, 190]",2,"[300, 469]"
"[184, 185, 186, 187, 188, 189, 190, 161]",3,"[78, 129, 415]"
"[185, 186, 192]",2,"[78, 79]"
"[185, 186, 187, 188, 189, 190, 161, 195, 191]",2,"[78, 79]"
"[185, 186, 187, 188, 189, 190, 161, 191, 195]",2,"[78, 79]"
"[186, 192, 183]",2,"[79, 679]"
"[186, 187, 188, 189, 190, 161, 195, 191]",2,"[78, 79]"
"[186, 187, 188, 189, 190, 161, 191, 195]",2,"[78, 79]"
"[187, 188, 186, 192, 183]",2,"[79, 679]"
"[187, 188, 189, 190, 161, 195, 191]",2,"[78, 79]"
"[187, 188, 189, 190, 161, 191, 195]",2,"[78, 79]"
"[188, 186, 192, 183]",2,"[79, 679]"
"[188, 186, 187]",5,"[78, 79, 129, 300, 679]"
"[188, 189, 190, 161, 195, 191]",2,"[78, 79]"
"[188, 189, 190, 161, 191, 195]",2,"[78, 79]"
"[189, 188, 186, 192, 183]",2,"[79, 679]"
"[189, 188, 186, 187]",5,"[78, 79, 129, 300, 679]"
"[189, 190, 161, 195, 191]",2,"[78, 79]"
"[189, 190, 161, 191, 195]",2,"[78, 79]"
"[190, 189, 188, 186, 192, 183]",2,"[79, 679]"
"[190, 189, 188, 186, 187]",5,"[78, 79, 129, 300, 679]"
"[190, 161, 195, 191]",2,"[78, 79]"
"[190, 161, 191, 195]",2,"[78, 79]"
"[191, 161, 190, 189, 188, 186, 192]",2,"[78, 79]"
"[191, 161, 190, 189, 188, 186, 187]",2,"[78, 79]"
"[191, 161, 195]",2,"[78, 79]"
"[191, 195, 161, 190, 189, 188, 186, 192]",2,"[78, 79]"
"[191, 195, 161, 190, 189, 188, 186, 187]",2,"[78, 79]"
"[192, 186, 187, 188, 189, 190, 161]",2,"[679, 752]"
"[192, 183]",2,"[79, 679]"
"[192, 185, 186, 187, 188, 189, 190, 161]",3,"[79, 300, 930]"
"[193, 608, 183, 184, 185, 186]",2,"[129, 860]"
"[194, 182, 196, 181, 0]",2,"[300, 860]"
"[194, 192, 186, 187, 188, 189, 190, 161]",2,"[679, 752]"
"[194, 192, 183]",2,"[79, 679]"
"[194, 192, 185, 186, 187, 188, 189, 190, 161]",2,"[79, 930]"
"[195, 191, 161, 190, 189, 188, 186, 192]",2,"[78, 79]"
"[195, 191, 161, 190, 189, 188, 186, 187]",2,"[78, 79]"
"[195, 161, 190, 189, 188, 186, 192]",2,"[78, 79]"
"[195, 161, 190, 189, 188, 186, 187]",2,"[78, 79]"
"[195, 161, 191]",2,"[78, 79]"
"[196, 193]",2,"[469, 860]"
"[196, 181, 0]",3,"[79, 300, 860]"
"[196, 181, 275, 182]",2,"[79, 300]"
"[197, 198, 199, 200, 202, 203, 0]",2,"[95, 109]"
"[197, 198, 199, 200, 201, 202, 203, 0]",2,"[81, 115]"
"[198, 199, 200, 202, 203, 0]",2,"[95, 109]"
"[198, 199, 200, 201, 202, 203, 0]",2,"[81, 115]"
"[199, 200, 202, 203, 0]",2,"[95, 109]"
"[199, 200, 201, 202, 203, 0]",2,"[81, 115]"
"[200, 244, 298, 582, 243]",2,"[602, 736]"
"[200, 244, 246]",4,"[399, 777, 778, 909]"
"[200, 244, 547]",2,"[836, 1095]"
"[200, 244, 247, 0]",2,"[588, 1095]"
"[200, 0, 221]",2,"[108, 114]"
"[200, 0, 203, 202, 217]",2,"[114, 909]"
"[200, 202, 203, 0]",5,"[95, 109, 399, 777, 778]"
"[200, 217, 202, 203, 0]",2,"[86, 99]"
"[200, 201, 202, 203, 0]",3,"[81, 115, 395]"
"[201, 200, 244]",2,"[777, 836]"
"[201, 202, 203, 0]",3,"[81, 115, 395]"
"[202, 201, 200, 244]",2,"[777, 836]"
"[202, 244, 352]",2,"[239, 250]"
"[202, 244, 247, 0, 203]",3,"[110, 239, 250]"
"[202, 217, 200, 244, 246]",2,"[399, 909]"
"[202, 217, 200, 0, 203]",2,"[114, 909]"
"[202, 203, 0]",11,"[81, 86, 95, 99, 109, 115, 395, 399, 777, 778, 836]"
"[203, 202, 201, 200, 244]",2,"[777, 836]"
"[203, 202, 244, 352]",2,"[239, 250]"
"[203, 202, 244, 247, 0]",3,"[110, 239, 250]"
"[203, 202, 217, 200, 244, 246]",2,"[399, 909]"
"[203, 202, 217, 200, 0]",2,"[114, 909]"
"[203, 0]",11,"[81, 86, 95, 99, 109, 115, 395, 399, 777, 778, 836]"
"[204, 205, 515]",2,"[506, 770]"
"[204, 205, 25, 26, 27]",3,"[313, 506, 770]"
"[205, 515, 516, 12, 0]",4,"[523, 770, 880, 1014]"
"[205, 25, 28]",2,"[508, 522]"
"[205, 25, 214, 206, 207, 208, 209, 210, 412]",2,"[304, 879]"
"[205, 25, 215]",2,"[143, 304]"
"[205, 25, 206, 207, 208, 209, 210]",2,"[143, 769]"
"[205, 25, 26, 27]",10,"[313, 392, 506, 769, 770, 879, 903, 1010, 1016, 1019]"
"[205, 294, 12]",2,"[509, 771]"
"[205, 294, 216, 12, 320]",2,"[445, 1018]"
"[205, 294, 216, 12, 295, 319]",2,"[141, 517]"
"[205, 294, 216, 12, 0]",4,"[83, 314, 606, 1011]"
"[205, 215, 25, 206, 207, 208, 209, 210, 211]",2,"[83, 141]"
"[205, 215, 25, 26, 27]",3,"[443, 1013, 1100]"
"[206, 207, 208, 209, 210, 460, 461]",2,"[443, 444]"
"[206, 207, 208, 209, 210, 412, 460, 461, 591]",2,"[880, 1017]"
"[206, 207, 208, 209, 210, 412, 461]",2,"[769, 879]"
"[206, 207, 208, 209, 210, 214, 25, 215, 205, 294, 216, 12]",2,"[83, 143]"
"[206, 207, 208, 209, 210, 211, 213, 212]",3,"[141, 143, 304]"
"[207, 208, 209, 210, 460, 461]",2,"[443, 444]"
"[207, 208, 209, 210, 412, 460, 461, 591]",2,"[880, 1017]"
"[207, 208, 209, 210, 412, 461]",2,"[769, 879]"
"[207, 208, 209, 210, 214, 25, 215, 205, 294, 216, 12]",2,"[83, 143]"
"[207, 208, 209, 210, 214, 25, 206]",2,"[83, 143]"
"[207, 208, 209, 210, 211, 213, 212]",3,"[141, 143, 304]"
"[208, 209, 210, 460, 461]",2,"[443, 444]"
"[208, 209, 210, 412, 460, 461, 591]",2,"[880, 1017]"
"[208, 209, 210, 412, 461]",2,"[769, 879]"
"[208, 209, 210, 214, 25, 215, 205, 294, 216, 12]",2,"[83, 143]"
"[208, 209, 210, 214, 25, 206, 207]",2,"[83, 143]"
"[208, 209, 210, 211, 213, 212]",3,"[141, 143, 304]"
"[209, 210, 460, 461]",2,"[443, 444]"
"[209, 210, 412, 460, 461, 591]",2,"[880, 1017]"
"[209, 210, 412, 461]",2,"[769, 879]"
"[209, 210, 214, 25, 215, 205, 294, 216, 12]",2,"[83, 143]"
"[209, 210, 214, 25, 206, 207, 208]",2,"[83, 143]"
"[209, 210, 211, 213, 212]",3,"[141, 143, 304]"
"[210, 460, 214, 25, 26, 27]",2,"[443, 770]"
"[210, 460, 461, 591]",2,"[443, 770]"
"[210, 412, 460, 461, 591]",2,"[880, 1017]"
"[210, 412, 461]",2,"[769, 879]"
"[210, 214, 25, 215, 205, 294, 216, 12]",2,"[83, 143]"
"[210, 214, 25, 206, 207, 208, 209]",2,"[83, 143]"
"[210, 211, 213, 212]",3,"[141, 143, 304]"
"[211, 213, 212]",3,"[141, 143, 304]"
"[211, 210, 214, 25, 215, 205, 294, 216, 12]",2,"[83, 143]"
"[211, 210, 214, 25, 206, 207, 208, 209]",2,"[83, 143]"
"[212, 213, 211, 210, 214, 25, 215, 205, 294, 216, 12]",2,"[83, 143]"
"[212, 213, 211, 210, 214, 25, 206, 207, 208, 209]",2,"[83, 143]"
"[213, 212]",3,"[141, 143, 304]"
"[213, 211, 210, 214, 25, 215, 205, 294, 216, 12]",2,"[83, 143]"
"[213, 211, 210, 214, 25, 206, 207, 208, 209]",2,"[83, 143]"
"[214, 206, 207, 208, 209, 210, 412]",2,"[304, 879]"
"[214, 25, 215, 205, 515]",2,"[304, 880]"
"[214, 25, 215, 205, 294, 216, 12]",3,"[83, 141, 143]"
"[214, 25, 206, 207, 208, 209, 210, 412]",2,"[769, 880]"
"[214, 25, 206, 207, 208, 209, 210, 211, 213, 212]",2,"[141, 143]"
"[214, 25, 26, 27, 28, 206, 207, 208]",2,"[770, 1017]"
"[215, 205, 515, 516, 12, 0]",2,"[523, 880]"
"[215, 205, 25]",2,"[143, 304]"
"[215, 205, 294, 216, 12, 320]",2,"[445, 1018]"
"[215, 205, 294, 216, 12, 0]",3,"[83, 606, 1011]"
"[215, 25, 206, 207, 208, 209, 210, 211]",2,"[83, 141]"
"[215, 25, 26, 27]",3,"[443, 1013, 1100]"
"[216, 515, 205, 215, 25, 26, 27]",2,"[1013, 1100]"
"[216, 205]",2,"[443, 1019]"
"[216, 293, 205, 25, 214, 206, 207, 208, 209, 210, 412]",2,"[304, 879]"
"[216, 293, 205, 25, 26, 27]",3,"[769, 879, 903]"
"[216, 12, 320]",2,"[445, 1018]"
"[216, 12, 295, 319]",2,"[141, 517]"
"[216, 12, 0]",5,"[83, 314, 506, 606, 1011]"
"[216, 12, 204, 205]",2,"[83, 506]"
"[217, 200, 244, 246]",2,"[399, 909]"
"[217, 200, 0, 203, 202]",2,"[114, 909]"
"[217, 202, 203, 0]",2,"[86, 99]"
"[218, 316, 306, 317, 130, 0, 307]",2,"[149, 174]"
"[218, 316, 306, 317, 130, 0, 159, 160]",2,"[149, 174]"
"[218, 0]",4,"[87, 127, 426, 427]"
"[219, 0]",5,"[94, 157, 219, 225, 1089]"
"[220, 0]",2,"[720, 736]"
"[220, 274, 0, 200]",2,"[395, 592]"
"[220, 274, 542, 0, 200, 244]",2,"[586, 1095]"
"[220, 548]",2,"[94, 602]"
"[221, 0, 220]",2,"[94, 125]"
"[222, 350, 0]",7,"[223, 224, 418, 437, 502, 650, 833]"
"[222, 0]",2,"[96, 501]"
"[223, 133, 134, 0, 131, 303, 132]",2,"[178, 824]"
"[223, 133, 134, 0, 131, 132]",2,"[45, 97]"
"[224, 0]",3,"[104, 840, 900]"
"[225, 11, 0]",2,"[118, 830]"
"[225, 11, 10, 0, 250, 231, 230, 252, 253]",2,"[117, 852]"
"[225, 11, 10, 0, 233]",2,"[648, 853]"
"[225, 11, 10, 9, 0, 233, 232, 231, 230, 252]",2,"[116, 300]"
"[225, 11, 10, 9, 0, 233, 250]",2,"[116, 489]"
"[225, 11, 10, 9, 0, 181]",2,"[129, 300]"
"[225, 226, 227, 253, 252, 230]",2,"[129, 679]"
"[225, 226, 227, 228, 229, 230, 252, 253]",3,"[116, 117, 648]"
"[225, 226, 227, 228, 229, 230, 231, 232, 233, 0, 250]",2,"[117, 118]"
"[225, 226, 227, 228, 229, 230, 231, 232, 233, 0, 152, 151, 150]",2,"[116, 118]"
"[225, 226, 227, 228, 229, 230, 231, 232, 233, 0, 9, 10, 11]",4,"[105, 116, 117, 118]"
"[226, 225, 11, 0]",2,"[118, 830]"
"[226, 225, 11, 10, 0, 233]",2,"[648, 853]"
"[226, 225, 11, 10, 9, 0, 233, 232, 231, 230, 252]",2,"[116, 300]"
"[226, 225, 11, 10, 9, 0, 233, 250]",2,"[116, 489]"
"[226, 225, 11, 10, 9, 0, 181]",2,"[129, 300]"
"[226, 227, 253, 252, 230]",2,"[129, 679]"
"[226, 227, 228, 229, 230, 252, 253]",3,"[116, 117, 648]"
"[226, 227, 228, 229, 230, 231, 232, 233, 0, 250]",2,"[117, 118]"
"[226, 227, 228, 229, 230, 231, 232, 233, 0, 152, 151, 150]",2,"[116, 118]"
"[226, 227, 228, 229, 230, 231, 232, 233, 0, 9, 10, 11, 225]",4,"[105, 116, 117, 118]"
"[227, 253, 252, 230]",2,"[129, 679]"
"[227, 226, 225, 11, 10, 0, 233]",2,"[648, 853]"
"[227, 226, 225, 11, 10, 9, 0, 233, 232, 231, 230, 252]",2,"[116, 300]"
"[227, 226, 225, 11, 10, 9, 0, 233, 250]",2,"[116, 489]"
"[227, 226, 225, 11, 10, 9, 0, 181]",2,"[129, 300]"
"[227, 228, 229, 230, 252, 253]",3,"[116, 117, 648]"
"[227, 228, 229, 230, 231, 232, 233, 0, 250]",2,"[117, 118]"
"[227, 228, 229, 230, 231, 232, 233, 0, 152, 151, 150]",2,"[116, 118]"
"[227, 228, 229, 230, 231, 232, 233, 0, 9, 10, 11, 225, 226]",4,"[105, 116, 117, 118]"
"[228, 227, 226, 225, 11, 10, 9, 0, 233]",3,"[105, 300, 489]"
"[228, 227, 226, 225, 11, 10, 9, 0, 181]",2,"[129, 300]"
"[228, 229, 230, 252, 253, 227, 226, 225, 11, 10]",2,"[116, 648]"
"[228, 229, 230, 231, 232, 233, 0, 250]",2,"[117, 118]"
"[228, 229, 230, 231, 232, 233, 0, 152, 151, 150]",2,"[116, 118]"
"[228, 229, 230, 231, 232, 233, 0, 9, 10, 11, 225, 226, 227]",4,"[105, 116, 117, 118]"
"[229, 228, 227, 226, 225, 11, 10, 9, 0, 233]",2,"[105, 489]"
"[229, 230, 252, 253, 227, 226, 225, 11, 10]",2,"[116, 648]"
"[229, 230, 252, 253, 227, 228]",2,"[116, 648]"
"[229, 230, 231, 232, 233, 0, 250]",2,"[117, 118]"
"[229, 230, 231, 232, 233, 0, 152, 151, 150]",2,"[116, 118]"
"[229, 230, 231, 232, 233, 0, 9, 10, 11, 225, 226, 227, 228]",4,"[105, 116, 117, 118]"
"[230, 252, 253, 225, 11, 10, 0, 250, 231]",2,"[117, 852]"
"[230, 252, 253, 227, 226, 225, 11, 10]",2,"[116, 648]"
"[230, 252, 253, 227, 228, 229]",2,"[116, 648]"
"[230, 229, 228, 227, 226, 225, 11, 10, 9, 0, 233]",2,"[105, 489]"
"[230, 231, 251, 250, 233, 0]",2,"[813, 830]"
"[230, 231, 232, 233, 0, 250]",2,"[117, 118]"
"[230, 231, 232, 233, 0, 152, 151, 150]",2,"[116, 118]"
"[230, 231, 232, 233, 0, 9, 10, 11, 225, 226, 227, 228, 229]",4,"[105, 116, 117, 118]"
"[231, 251, 250, 233, 0]",2,"[813, 830]"
"[231, 230, 252, 253, 225, 11, 10, 0, 250]",2,"[117, 852]"
"[231, 230, 252, 253, 227, 226, 225, 11, 10]",2,"[116, 648]"
"[231, 230, 252, 253, 227, 228, 229]",2,"[116, 648]"
"[231, 230, 229, 228, 227, 226, 225, 11, 10, 9, 0]",2,"[129, 489]"
"[231, 232, 233, 0, 250]",2,"[117, 118]"
"[231, 232, 233, 0, 152, 151, 150]",2,"[116, 118]"
"[231, 232, 233, 0, 9, 10, 11, 225, 226, 227, 228, 229, 230, 252, 253]",2,"[116, 117]"
"[232, 231, 230, 252, 253, 227, 226, 225, 11, 10]",2,"[116, 648]"
"[232, 231, 230, 252, 253, 227, 228, 229]",2,"[116, 648]"
"[232, 233, 0, 250, 231, 230]",2,"[117, 118]"
"[232, 233, 0, 152, 151, 150]",2,"[116, 118]"
"[232, 233, 0, 9, 10, 11, 225, 226, 227, 228, 229, 230, 252, 253]",2,"[116, 117]"
"[232, 233, 0, 9, 10, 11, 225, 226, 227, 228, 229, 230, 231]",4,"[105, 116, 117, 118]"
"[233, 232, 231, 230, 252, 253, 227, 226, 225, 11, 10]",2,"[116, 648]"
"[233, 232, 231, 230, 252, 253, 227, 228, 229]",2,"[116, 648]"
"[233, 250]",2,"[116, 489]"
"[233, 251, 230]",2,"[105, 853]"
"[233, 0, 10, 11, 225, 226, 227]",2,"[648, 830]"
"[233, 0, 250, 231, 230, 229, 228, 227, 226, 225, 11]",2,"[118, 129]"
"[233, 0, 250, 231, 232]",2,"[117, 118]"
"[233, 0, 152, 151, 150, 234]",2,"[116, 813]"
"[233, 0, 9, 10, 11, 225, 226, 227, 228, 229, 230, 252, 253]",2,"[116, 117]"
"[233, 0, 9, 10, 11, 225, 226, 227, 228, 229, 230, 231, 232]",4,"[105, 116, 117, 118]"
"[234, 411, 148]",2,"[405, 813]"
"[234, 150, 149, 148, 147, 146, 145]",2,"[118, 866]"
"[234, 150, 151, 152, 0, 9, 10, 11, 225, 226, 227, 228, 229, 230, 231]",2,"[118, 813]"
"[234, 149, 148, 147]",2,"[105, 116]"
"[234, 149, 150]",2,"[105, 116]"
"[235, 300, 31]",2,"[396, 1016]"
"[235, 322, 0]",5,"[200, 396, 500, 771, 826]"
"[235, 0]",7,"[143, 369, 397, 445, 512, 517, 915]"
"[235, 299, 300, 31, 236]",2,"[143, 397]"
"[235, 299, 300, 31, 296, 301]",2,"[143, 1010]"
"[235, 299, 300, 31, 237, 241, 240, 597, 598, 15]",2,"[781, 831]"
"[235, 236, 300, 31, 442, 240]",2,"[369, 899]"
"[235, 236, 31]",3,"[108, 141, 1019]"
"[236, 300, 31, 442, 240]",2,"[369, 899]"
"[236, 235, 322, 0]",3,"[200, 500, 771]"
"[236, 235, 0]",6,"[143, 369, 397, 445, 517, 915]"
"[236, 235, 299, 300, 31, 296]",2,"[143, 200]"
"[236, 31]",3,"[108, 141, 1019]"
"[237, 241, 240, 597, 598, 15]",2,"[781, 831]"
"[237, 241, 240, 238, 239]",2,"[396, 1070]"
"[237, 31, 442]",2,"[369, 736]"
"[237, 31, 300]",3,"[369, 396, 826]"
"[237, 31, 236, 235, 0]",2,"[369, 397]"
"[237, 31, 583, 242]",2,"[736, 1070]"
"[237, 240, 241]",2,"[108, 826]"
"[237, 240, 238, 239]",2,"[108, 826]"
"[238, 241, 237, 31]",2,"[396, 397]"
"[238, 240, 237, 31, 583, 242]",2,"[736, 1070]"
"[238, 240, 241, 237, 31]",2,"[108, 826]"
"[238, 239]",6,"[108, 396, 397, 736, 826, 1070]"
"[239, 238, 241, 237, 31]",2,"[396, 397]"
"[239, 238, 240, 237, 31, 583, 242]",2,"[736, 1070]"
"[239, 238, 240, 241, 237, 31]",2,"[108, 826]"
"[240, 237, 31, 583, 242]",2,"[736, 1070]"
"[240, 597, 598, 15]",2,"[781, 831]"
"[240, 241, 237, 31]",2,"[108, 826]"
"[240, 238, 239]",4,"[108, 396, 826, 1070]"
"[241, 240, 597, 598, 15]",2,"[781, 831]"
"[241, 240, 238, 239]",2,"[396, 1070]"
"[241, 237, 31, 300]",2,"[396, 826]"
"[241, 237, 240, 238, 239]",2,"[108, 826]"
"[242, 31, 583]",2,"[736, 1070]"
"[242, 31, 237, 241, 240]",2,"[915, 1070]"
"[242, 297, 243]",2,"[108, 1018]"
"[243, 539]",3,"[602, 837, 850]"
"[243, 546]",3,"[593, 837, 855]"
"[243, 540, 36, 37, 136]",2,"[581, 597]"
"[244, 298, 582, 243]",2,"[602, 736]"
"[244, 298, 582, 539]",2,"[586, 596]"
"[244, 246]",6,"[399, 514, 663, 777, 778, 909]"
"[244, 352, 351]",2,"[237, 250]"
"[244, 547, 352, 245]",2,"[243, 1095]"
"[244, 247, 0, 203, 202]",4,"[110, 239, 250, 588]"
"[244, 245]",2,"[110, 588]"
"[244, 200, 0]",2,"[108, 909]"
"[244, 200, 202, 203, 0]",3,"[399, 777, 778]"
"[245, 244, 547, 352]",2,"[243, 1095]"
"[245, 244, 247, 0]",6,"[231, 238, 243, 250, 256, 1095]"
"[246, 244, 247, 0, 203, 202]",3,"[110, 239, 588]"
"[246, 244, 245]",2,"[110, 588]"
"[246, 244, 200, 202, 203, 0]",3,"[399, 777, 778]"
"[247, 244, 246]",2,"[514, 663]"
"[247, 0, 203, 202, 244, 352]",2,"[239, 250]"
"[248, 0]",2,"[111, 123]"
"[248, 249]",2,"[111, 123]"
"[249, 248, 0]",2,"[111, 123]"
"[250, 233, 0]",2,"[813, 830]"
"[250, 231, 230, 252, 253, 225, 11, 10, 0]",2,"[117, 852]"
"[250, 231, 230, 229, 228, 227, 226, 225, 11, 10, 9, 0]",2,"[129, 489]"
"[250, 231, 232, 233, 0, 9, 10, 11, 225, 226, 227, 228, 229, 230]",2,"[117, 118]"
"[251, 250, 233, 0]",2,"[813, 830]"
"[251, 230, 252]",2,"[116, 853]"
"[251, 230, 231, 232, 233, 0, 9, 10, 11, 225, 226, 227, 228, 229]",2,"[105, 116]"
"[252, 230, 231]",2,"[116, 129]"
"[252, 253, 225, 11, 10, 0, 250, 231, 230]",2,"[117, 852]"
"[252, 253, 227, 226, 225, 11, 10]",2,"[116, 648]"
"[252, 253, 227, 228, 229, 230, 231, 232, 233, 0]",2,"[116, 648]"
"[253, 252, 230]",2,"[129, 679]"
"[253, 225, 11, 10, 0, 250, 231, 230, 252]",2,"[117, 852]"
"[253, 227, 226, 225, 11, 10]",2,"[116, 648]"
"[253, 227, 228, 229, 230, 252]",2,"[116, 648]"
"[253, 227, 228, 229, 230, 231, 232, 233, 0]",2,"[116, 648]"
"[254, 267, 142, 141, 255]",2,"[853, 916]"
"[254, 267, 142, 143, 144, 145, 146, 147, 148, 149, 150]",2,"[916, 1081]"
"[254, 267, 141, 142]",2,"[118, 405]"
"[254, 255]",3,"[116, 118, 1081]"
"[255, 254, 267, 142, 141]",3,"[853, 916, 1081]"
"[255, 254, 267, 142, 143, 144, 145, 146, 147, 148, 149, 150]",2,"[916, 1081]"
"[255, 256]",3,"[116, 405, 916]"
"[256, 141, 142, 143, 144, 145, 146, 147, 148, 149, 150, 151, 152]",2,"[50, 297]"
"[257, 605, 447, 255, 254, 267, 142, 141]",2,"[916, 1081]"
"[257, 605, 447, 255, 254, 267, 142, 143, 144, 145, 146, 147, 148, 149, 150]",2,"[916, 1081]"
"[257, 605, 447, 255, 256]",2,"[116, 916]"
"[258, 265, 599, 445, 139, 266]",2,"[116, 1081]"
"[258, 259]",2,"[116, 1081]"
"[259, 258]",2,"[405, 1081]"
"[260, 446]",2,"[118, 916]"
"[260, 268]",2,"[118, 916]"
"[260, 261, 259]",2,"[116, 405]"
"[261, 260]",2,"[405, 1081]"
"[261, 259]",2,"[116, 405]"
"[262, 258]",2,"[116, 853]"
"[262, 600, 263, 264]",2,"[116, 853]"
"[263, 600, 262, 258]",2,"[116, 853]"
"[263, 264]",2,"[116, 853]"
"[264, 263, 600, 262, 258]",2,"[116, 853]"
"[265, 446]",2,"[405, 916]"
"[265, 599, 445, 139, 266]",2,"[116, 1081]"
"[265, 258]",2,"[116, 853]"
"[266, 140, 139, 445]",2,"[853, 1081]"
"[266, 140, 269, 257]",2,"[853, 1081]"
"[267, 142, 141, 255, 254]",2,"[853, 916]"
"[267, 142, 143, 144, 145, 146, 147, 148, 149, 150]",2,"[916, 1081]"
"[267, 141, 142]",2,"[118, 405]"
"[267, 254, 255]",2,"[116, 118]"
"[268, 260, 446]",2,"[118, 916]"
"[269, 140, 139, 445]",2,"[853, 1081]"
"[269, 140, 139, 266]",2,"[853, 1081]"
"[269, 257, 605, 447, 255, 254, 267, 142, 141]",2,"[916, 1081]"
"[269, 257, 605, 447, 255, 254, 267, 142, 143, 144, 145, 146, 147, 148, 149, 150]",2,"[916, 1081]"
"[269, 257, 605, 447, 255, 256]",2,"[116, 916]"
"[270, 147, 411]",2,"[118, 303]"
"[270, 146, 145]",3,"[105, 504, 813]"
"[270, 146, 147, 148, 149, 150, 234]",2,"[105, 504]"
"[271, 0, 413, 345]",2,"[408, 827]"
"[271, 0, 272]",2,"[120, 731]"
"[271, 0, 129]",2,"[120, 827]"
"[271, 272, 0]",3,"[120, 387, 461]"
"[272, 271, 0]",2,"[120, 731]"
"[272, 0, 271]",3,"[120, 387, 461]"
"[273, 155, 156, 0]",2,"[123, 385]"
"[274, 220, 0]",2,"[720, 736]"
"[274, 0, 200, 244]",2,"[592, 736]"
"[274, 0, 220]",2,"[395, 592]"
"[274, 542, 0, 200, 244]",2,"[586, 1095]"
"[274, 542, 0, 220]",2,"[586, 1095]"
"[275, 182, 196, 181, 0]",2,"[79, 300]"
"[275, 182, 183, 184, 185, 186, 187, 188, 189, 190, 161]",2,"[78, 415]"
"[276, 277, 278, 0]",2,"[133, 475]"
"[277, 618, 569]",2,"[934, 969]"
"[277, 106, 523]",2,"[534, 627]"
"[277, 106, 332]",2,"[970, 976]"
"[277, 106, 107]",2,"[970, 976]"
"[277, 390, 106, 105, 104, 0]",2,"[273, 357]"
"[277, 390, 106, 107, 108, 109, 110]",3,"[357, 620, 621]"
"[277, 332, 106, 390]",2,"[282, 973]"
"[277, 332, 106, 336, 333, 334, 335]",2,"[213, 286]"
"[277, 332, 106, 105, 104]",2,"[557, 711]"
"[277, 332, 106, 107, 108]",2,"[278, 557]"
"[277, 276]",2,"[138, 475]"
"[277, 278, 331, 0]",3,"[278, 483, 618]"
"[277, 278, 0, 331]",2,"[213, 934]"
"[278, 495]",4,"[474, 551, 960, 1022]"
"[278, 331, 0]",4,"[278, 483, 618, 953]"
"[278, 371]",4,"[268, 613, 953, 991]"
"[278, 277, 618, 569]",2,"[934, 969]"
"[278, 277, 106, 523]",2,"[534, 627]"
"[278, 277, 106, 332]",2,"[970, 976]"
"[278, 277, 106, 107]",2,"[970, 976]"
"[278, 277, 390, 106, 105, 104, 0]",2,"[273, 357]"
"[278, 277, 390, 106, 107, 108, 109, 110]",3,"[357, 620, 621]"
"[278, 277, 332, 106, 390]",2,"[282, 973]"
"[278, 277, 332, 106, 336, 333, 334, 335]",2,"[213, 286]"
"[278, 277, 332, 106, 105, 104]",2,"[557, 711]"
"[278, 277, 332, 106, 107, 108]",2,"[278, 557]"
"[278, 277, 276]",2,"[138, 475]"
"[278, 0, 331]",2,"[213, 934]"
"[279, 281]",2,"[356, 610]"
"[279, 0, 282, 281, 280]",2,"[579, 745]"
"[279, 0, 438, 281, 280]",2,"[574, 729]"
"[279, 0, 100, 41, 42, 323, 48]",2,"[203, 218]"
"[279, 280, 281, 310, 311, 0]",2,"[335, 353]"
"[279, 280, 281, 282, 0]",2,"[137, 574]"
"[280, 279, 0, 282, 281]",2,"[579, 745]"
"[280, 279, 0, 438, 281]",2,"[574, 729]"
"[280, 281, 310, 311, 0, 279]",2,"[335, 353]"
"[280, 281, 282, 0, 279]",2,"[137, 574]"
"[281, 280, 279, 0, 282]",2,"[579, 745]"
"[281, 280, 279, 0, 438]",2,"[574, 729]"
"[281, 0]",3,"[358, 359, 480]"
"[281, 438, 282, 0, 39]",2,"[619, 1031]"
"[281, 310, 311, 0, 279, 280]",2,"[335, 353]"
"[281, 282, 616]",2,"[272, 710]"
"[281, 282, 0, 438]",2,"[574, 610]"
"[281, 282, 0, 279, 280]",2,"[137, 574]"
"[282, 281, 280, 279, 0]",2,"[579, 745]"
"[282, 616, 283, 617, 0]",2,"[967, 1033]"
"[282, 0, 438, 281]",2,"[574, 610]"
"[282, 0, 503]",2,"[711, 732]"
"[282, 0, 283, 439]",2,"[356, 711]"
"[282, 0, 279, 280, 281]",2,"[137, 574]"
"[282, 0, 39]",2,"[619, 1031]"
"[283, 439]",5,"[356, 481, 710, 711, 968]"
"[283, 617, 0]",5,"[332, 481, 967, 968, 1033]"
"[283, 0, 279, 280, 281, 282]",2,"[137, 710]"
"[284, 91]",2,"[728, 792]"
"[284, 92, 595, 400, 94, 596, 98, 99, 0]",2,"[787, 793]"
"[284, 92, 427, 428, 429, 430, 98, 99, 0]",2,"[337, 565]"
"[284, 92, 93, 94]",2,"[785, 789]"
"[286, 0, 103]",3,"[959, 961, 962]"
"[286, 287, 288, 291]",2,"[139, 959]"
"[286, 287, 288, 289, 290]",3,"[139, 959, 962]"
"[287, 286, 0]",2,"[139, 962]"
"[287, 288, 291, 286, 0]",2,"[139, 959]"
"[287, 288, 289, 290]",3,"[139, 959, 962]"
"[288, 291, 286, 0, 103]",2,"[959, 961]"
"[288, 291, 286, 287]",2,"[139, 959]"
"[288, 289, 290]",4,"[139, 959, 961, 962]"
"[289, 288, 291, 286, 0, 103]",2,"[959, 961]"
"[289, 288, 291, 286, 287]",2,"[139, 959]"
"[289, 290]",4,"[139, 959, 961, 962]"
"[290, 289, 288, 291, 286, 0, 103]",2,"[959, 961]"
"[290, 289, 288, 291, 286, 287]",2,"[139, 959]"
"[291, 286, 0, 103]",2,"[959, 961]"
"[291, 286, 287, 288, 289, 290]",2,"[139, 959]"
"[292, 321]",2,"[200, 1018]"
"[292, 31, 236, 235]",2,"[143, 771]"
"[292, 31, 296]",2,"[143, 522]"
"[292, 320, 12]",2,"[141, 522]"
"[293, 205, 25, 214, 206, 207, 208, 209, 210, 412]",2,"[304, 879]"
"[293, 205, 25, 26, 27]",3,"[769, 879, 903]"
"[294, 12]",2,"[509, 771]"
"[294, 216, 12, 320]",2,"[445, 1018]"
"[294, 216, 12, 295, 319]",2,"[141, 517]"
"[294, 216, 12, 0]",4,"[83, 314, 606, 1011]"
"[295, 12]",3,"[143, 468, 1019]"
"[295, 319, 321, 31, 236, 235]",2,"[500, 517]"
"[296, 321, 319, 320, 12]",2,"[200, 1016]"
"[296, 301]",2,"[143, 1010]"
"[296, 31, 300, 236, 235]",2,"[200, 445]"
"[297, 243]",2,"[108, 1018]"
"[298, 582, 243]",2,"[602, 736]"
"[298, 582, 539]",2,"[586, 596]"
"[298, 244]",2,"[141, 1018]"
"[299, 235]",2,"[396, 512]"
"[299, 300, 31, 236, 235, 0]",2,"[143, 397]"
"[299, 300, 31, 296, 301]",2,"[143, 1010]"
"[299, 300, 31, 237, 241, 240, 597, 598, 15]",2,"[781, 831]"
"[300, 299, 235]",2,"[396, 512]"
"[300, 236, 235]",2,"[200, 445]"
"[300, 31, 442, 240]",2,"[369, 899]"
"[300, 31, 236, 235, 0]",3,"[143, 369, 397]"
"[300, 31, 236, 235, 299]",2,"[143, 397]"
"[300, 31, 296, 321, 319, 320, 12]",2,"[200, 1016]"
"[300, 31, 296, 301]",2,"[143, 1010]"
"[300, 31, 237, 241, 240, 597, 598, 15]",2,"[781, 831]"
"[300, 31, 237, 240]",2,"[230, 826]"
"[302, 205, 25, 26, 27]",3,"[392, 1010, 1016]"
"[303, 132, 223, 133, 134, 0, 131]",2,"[178, 824]"
"[303, 133, 134, 0, 131]",2,"[147, 805]"
"[304, 0, 131, 303]",2,"[147, 996]"
"[304, 305, 409, 410]",2,"[298, 299]"
"[305, 409, 410]",2,"[298, 299]"
"[305, 304, 0, 131, 303]",2,"[147, 996]"
"[306, 317, 130, 0, 307]",2,"[149, 174]"
"[306, 317, 130, 0, 218, 316]",3,"[149, 174, 998]"
"[306, 317, 130, 0, 159, 160]",2,"[149, 174]"
"[307, 0, 218, 316, 306, 317, 130]",2,"[149, 174]"
"[307, 0, 159, 160]",2,"[149, 174]"
"[308, 170, 309, 169, 168, 167, 171, 164, 163, 162, 0]",3,"[241, 805, 1055]"
"[308, 309, 169, 168, 167, 171, 164, 163, 162, 0]",2,"[150, 198]"
"[309, 169, 308, 170]",4,"[241, 805, 927, 1055]"
"[309, 169, 168, 167, 171, 164, 163, 162, 0]",5,"[150, 198, 241, 805, 1055]"
"[310, 311, 0, 279, 280, 281]",2,"[335, 353]"
"[311, 0, 279, 280, 281, 310]",2,"[335, 353]"
"[312, 0]",3,"[120, 151, 737]"
"[313, 0]",4,"[55, 56, 240, 925]"
"[314, 0]",2,"[158, 317]"
"[314, 315]",2,"[158, 317]"
"[315, 314, 0]",2,"[158, 317]"
"[316, 218, 0]",2,"[426, 427]"
"[316, 306, 317, 130, 0, 307]",2,"[149, 174]"
"[316, 306, 317, 130, 0, 218]",3,"[149, 174, 998]"
"[316, 306, 317, 130, 0, 159, 160]",2,"[149, 174]"
"[317, 130, 0, 307]",2,"[149, 174]"
"[317, 130, 0, 218, 316, 306]",3,"[149, 174, 998]"
"[317, 130, 0, 159, 160]",2,"[149, 174]"
"[318, 177, 178]",2,"[958, 964]"
"[318, 176, 177, 178, 179]",2,"[186, 658]"
"[319, 321, 31, 236, 235]",2,"[500, 517]"
"[319, 321, 296, 31]",2,"[445, 604]"
"[319, 320, 12, 216]",2,"[443, 1013]"
"[320, 292, 31]",2,"[522, 771]"
"[320, 319, 321, 296, 31]",2,"[445, 604]"
"[320, 12, 302, 205, 25]",2,"[522, 1016]"
"[320, 12, 216]",3,"[141, 443, 1013]"
"[321, 31, 236, 235]",2,"[500, 517]"
"[321, 296, 31, 300, 236, 235]",2,"[200, 445]"
"[321, 319, 320, 12]",3,"[200, 1013, 1016]"
"[322, 235, 300, 31]",2,"[396, 1016]"
"[322, 235, 299, 300, 31, 237, 241, 240, 597, 598, 15]",2,"[781, 831]"
"[322, 235, 236]",2,"[468, 1019]"
"[322, 0, 235]",2,"[200, 826]"
"[323, 48, 279, 0, 100, 41, 42]",2,"[203, 218]"
"[323, 48, 39, 0]",2,"[7, 21]"
"[324, 408, 91, 92]",2,"[629, 695]"
"[324, 524, 525, 91, 284, 92, 93, 94]",2,"[785, 789]"
"[324, 407, 91]",2,"[565, 982]"
"[324, 407, 408, 91, 90]",2,"[288, 296]"
"[324, 91, 284, 92]",2,"[337, 793]"
"[324, 91, 92]",2,"[280, 626]"
"[324, 0, 282]",2,"[732, 745]"
"[324, 0, 537, 325, 326, 327]",2,"[211, 732]"
"[325, 326, 327]",2,"[211, 732]"
"[326, 327]",2,"[211, 732]"
"[327, 328, 329, 330, 0, 537, 325]",2,"[211, 803]"
"[328, 579, 327]",2,"[579, 1025]"
"[328, 329, 330, 0, 537, 325]",2,"[211, 803]"
"[328, 329, 330, 0, 78]",2,"[530, 803]"
"[329, 328, 579, 327]",2,"[579, 1025]"
"[329, 330, 0, 537, 325]",2,"[211, 803]"
"[329, 330, 0, 78]",2,"[530, 803]"
"[330, 329, 328]",2,"[530, 579]"
"[330, 0, 537, 325]",2,"[211, 803]"
"[330, 0, 78]",2,"[530, 803]"
"[331, 0]",4,"[278, 483, 618, 953]"
"[331, 278, 277, 390, 106, 107, 108, 109, 110]",2,"[357, 620]"
"[331, 278, 0]",2,"[213, 934]"
"[332, 277, 106, 107]",2,"[970, 976]"
"[332, 277, 278, 331, 0]",2,"[278, 483]"
"[332, 277, 278, 0]",5,"[213, 286, 970, 976, 1023]"
"[332, 106, 390, 277, 278, 0]",2,"[282, 973]"
"[332, 106, 336, 333, 334, 335]",2,"[213, 286]"
"[332, 106, 105, 104]",2,"[557, 711]"
"[332, 106, 107, 108]",2,"[278, 557]"
"[333, 106, 336]",2,"[214, 1039]"
"[333, 334, 336, 106, 332, 277, 278, 0]",2,"[286, 1023]"
"[333, 334, 335]",5,"[213, 214, 286, 1023, 1039]"
"[334, 336, 106, 332, 277, 278, 0]",2,"[286, 1023]"
"[334, 336, 333]",2,"[286, 1023]"
"[334, 333, 106, 336]",2,"[214, 1039]"
"[334, 335]",6,"[213, 214, 286, 475, 1023, 1039]"
"[335, 334, 336, 106, 332, 277, 278, 0]",2,"[286, 1023]"
"[335, 334, 336, 333]",2,"[286, 1023]"
"[335, 334, 333, 106, 336]",2,"[214, 1039]"
"[336, 106, 332, 277, 278, 0]",2,"[286, 1023]"
"[336, 333, 106]",2,"[214, 1039]"
"[336, 333, 334, 335]",5,"[213, 214, 286, 1023, 1039]"
"[337, 49, 0, 503]",2,"[487, 722]"
"[337, 50, 51, 52, 73, 338, 405]",2,"[478, 992]"
"[337, 50, 51, 52, 53, 73]",2,"[487, 705]"
"[338, 73, 52, 51, 50]",2,"[487, 956]"
"[338, 405]",2,"[478, 992]"
"[338, 53, 52]",2,"[473, 957]"
"[338, 54, 403, 55, 56, 57]",2,"[282, 705]"
"[339, 56, 55, 54, 338, 53, 52]",2,"[473, 957]"
"[339, 56, 57]",2,"[282, 473]"
"[339, 58, 59, 60, 61, 62]",2,"[217, 957]"
"[341, 60, 61, 62, 63, 64, 65]",2,"[282, 487]"
"[342, 73, 52, 51]",2,"[217, 614]"
"[342, 54, 55, 56]",3,"[13, 718, 721]"
"[343, 51, 52, 73]",2,"[718, 735]"
"[343, 50, 337, 49, 0]",2,"[282, 956]"
"[343, 50, 51, 52, 73]",2,"[282, 956]"
"[343, 49, 0]",2,"[217, 473]"
"[343, 49, 337]",2,"[217, 473]"
"[344, 0]",5,"[219, 714, 740, 972, 1037]"
"[345, 0, 413]",4,"[316, 408, 812, 827]"
"[345, 0, 271]",2,"[408, 827]"
"[346, 0]",7,"[219, 370, 419, 649, 809, 1060, 1061]"
"[347, 4, 0]",3,"[248, 281, 456]"
"[347, 348]",2,"[220, 637]"
"[348, 355, 6, 354]",2,"[282, 975]"
"[348, 5, 347, 4, 0]",2,"[248, 456]"
"[348, 5, 356]",3,"[248, 456, 519]"
"[349, 125]",2,"[732, 1038]"
"[349, 114, 113]",2,"[220, 568]"
"[350, 0]",7,"[223, 224, 418, 437, 502, 650, 833]"
"[350, 222]",8,"[223, 224, 418, 437, 501, 502, 650, 833]"
"[351, 352, 245, 244, 547]",2,"[231, 243]"
"[351, 352, 245, 244, 247, 0]",5,"[231, 238, 243, 250, 256]"
"[352, 351]",3,"[237, 243, 250]"
"[352, 245, 244, 547]",3,"[231, 243, 1095]"
"[352, 245, 244, 247, 0]",6,"[231, 238, 243, 250, 256, 1095]"
"[353, 165, 166, 167, 168, 169]",2,"[66, 240]"
"[354, 402, 0]",2,"[558, 731]"
"[354, 355, 348]",2,"[281, 519]"
"[355, 6, 354]",3,"[282, 558, 975]"
"[355, 348, 5, 347, 4, 0]",2,"[248, 456]"
"[355, 348, 5, 356]",3,"[248, 456, 519]"
"[356, 5, 347, 4, 0]",2,"[248, 456]"
"[357, 0]",5,"[227, 229, 248, 659, 667]"
"[358, 369, 359]",2,"[264, 265]"
"[359, 369, 368, 367, 586]",2,"[767, 771]"
"[359, 360, 361, 362, 363, 364, 0]",2,"[264, 776]"
"[360, 363, 364, 0]",2,"[768, 772]"
"[360, 359, 369, 368, 367, 586]",2,"[767, 771]"
"[360, 361, 362, 363, 364, 0]",2,"[264, 776]"
"[361, 360, 359, 369, 368, 367, 586]",2,"[767, 771]"
"[361, 362, 363, 364, 0]",3,"[264, 393, 776]"
"[362, 361, 360, 359, 369, 368, 367, 586]",2,"[767, 771]"
"[362, 363, 364, 0]",3,"[264, 393, 776]"
"[363, 362, 361, 360, 359]",2,"[264, 767]"
"[363, 364, 0]",6,"[264, 393, 768, 772, 776, 900]"
"[364, 0]",8,"[264, 393, 713, 768, 772, 776, 900, 974]"
"[365, 0]",2,"[264, 648]"
"[365, 366]",2,"[264, 648]"
"[366, 365, 0]",2,"[264, 648]"
"[367, 586]",2,"[767, 771]"
"[367, 368, 369, 359, 360, 361, 362, 363, 364, 0]",2,"[264, 776]"
"[368, 367, 586]",2,"[767, 771]"
"[368, 369, 359, 360, 361, 362, 363, 364, 0]",2,"[264, 776]"
"[369, 368, 367, 586]",2,"[767, 771]"
"[369, 359, 360, 361, 362, 363, 364, 0]",2,"[264, 776]"
"[370, 0]",2,"[265, 1020]"
"[371, 278, 0]",3,"[268, 613, 991]"
"[372, 374, 0]",4,"[275, 579, 747, 984]"
"[372, 374, 81, 0]",2,"[270, 717]"
"[372, 83]",2,"[270, 579]"
"[373, 83, 372, 374, 0]",2,"[275, 984]"
"[373, 83, 372, 374, 81, 0]",2,"[270, 717]"
"[373, 84]",2,"[19, 747]"
"[374, 0]",4,"[275, 579, 747, 984]"
"[374, 81, 0]",2,"[270, 717]"
"[375, 437, 377, 378]",3,"[470, 559, 564]"
"[375, 78, 0, 503]",3,"[487, 711, 746]"
"[375, 376, 437]",3,"[571, 717, 750]"
"[375, 376, 377, 378, 520, 519, 518]",4,"[530, 543, 547, 555]"
"[375, 376, 377, 378, 437]",2,"[355, 746]"
"[375, 376, 377, 378, 379, 380]",2,"[271, 355]"
"[376, 437]",3,"[571, 717, 750]"
"[376, 375, 437]",2,"[470, 741]"
"[376, 375, 78, 0, 503]",3,"[487, 711, 746]"
"[376, 377, 378, 520, 519, 518]",4,"[530, 543, 547, 555]"
"[376, 377, 378, 437]",2,"[355, 746]"
"[376, 377, 378, 379, 380]",2,"[271, 355]"
"[377, 437, 376, 375, 78, 0]",6,"[531, 544, 548, 552, 556, 565]"
"[377, 376, 437]",2,"[571, 750]"
"[377, 376, 375, 437]",2,"[470, 741]"
"[377, 376, 375, 78, 0]",8,"[271, 470, 530, 571, 711, 741, 750, 977]"
"[377, 378, 520, 519, 518]",5,"[530, 543, 547, 555, 559]"
"[377, 378, 477, 478, 479]",2,"[470, 550]"
"[377, 378, 437]",2,"[355, 746]"
"[377, 378, 379, 380]",2,"[271, 355]"
"[378, 534, 535]",2,"[571, 977]"
"[378, 527, 377, 437, 376, 375, 78, 0]",3,"[552, 556, 565]"
"[378, 527, 437, 375, 78, 0]",2,"[550, 560]"
"[378, 520, 519, 518]",5,"[530, 543, 547, 555, 559]"
"[378, 477, 478, 479]",2,"[470, 550]"
"[378, 437]",2,"[355, 746]"
"[378, 377, 437, 376, 375, 78, 0]",3,"[531, 544, 548]"
"[378, 377, 376, 437]",2,"[571, 750]"
"[378, 377, 376, 375, 437]",2,"[470, 741]"
"[378, 377, 376, 375, 78, 0]",8,"[271, 470, 530, 571, 711, 741, 750, 977]"
"[378, 379, 380]",2,"[271, 355]"
"[379, 584, 378, 377, 376, 437]",2,"[571, 750]"
"[379, 584, 378, 377, 376, 375, 78, 0]",3,"[571, 711, 750]"
"[379, 380, 383, 381, 382, 384, 385]",2,"[355, 746]"
"[380, 383, 381, 382, 384, 385]",2,"[355, 746]"
"[381, 382, 384, 385, 386, 378, 379, 380]",2,"[271, 355]"
"[382, 384, 385, 379]",2,"[711, 746]"
"[382, 384, 385, 386, 378, 379, 380]",2,"[271, 355]"
"[383, 381, 382, 384, 385, 386, 378, 379, 380]",2,"[271, 355]"
"[384, 385, 379]",2,"[711, 746]"
"[384, 385, 386, 378, 379, 380]",2,"[271, 355]"
"[385, 379]",2,"[711, 746]"
"[385, 386, 378, 379, 380]",2,"[271, 355]"
"[386, 378, 379, 380]",2,"[271, 355]"
"[387, 388, 389, 281, 438, 282, 0, 39]",2,"[619, 1031]"
"[388, 389, 281, 438, 282, 0, 39]",2,"[619, 1031]"
"[389, 281, 438, 282, 0, 39]",2,"[619, 1031]"
"[390, 277, 332, 106, 107]",2,"[282, 973]"
"[390, 277, 278, 0]",2,"[282, 973]"
"[390, 106, 105, 104, 0]",2,"[273, 357]"
"[390, 106, 107, 108, 109, 110]",3,"[357, 620, 621]"
"[391, 78, 0]",4,"[698, 717, 724, 748]"
"[392, 393, 394]",3,"[274, 279, 984]"
"[393, 395, 87, 86, 85, 84, 373, 83, 372, 374, 0]",2,"[275, 984]"
"[393, 394]",3,"[274, 279, 984]"
"[394, 393, 395, 87, 86, 85, 84, 373, 83, 372, 374, 0]",2,"[275, 984]"
"[395, 86, 85, 89, 84, 83]",2,"[747, 978]"
"[395, 87, 86, 85, 84, 373, 83, 372, 374, 0]",2,"[275, 984]"
"[396, 119]",6,"[357, 359, 577, 578, 640, 949]"
"[397, 398, 399, 392, 393, 394]",2,"[279, 984]"
"[397, 621]",3,"[279, 328, 984]"
"[398, 399, 392, 393, 394]",2,"[279, 984]"
"[399, 392, 393, 394]",2,"[279, 984]"
"[400, 94, 96, 594, 98, 99, 0]",2,"[783, 791]"
"[400, 94, 596, 98, 99, 0]",2,"[787, 793]"
"[401, 0, 159, 160]",3,"[281, 636, 720]"
"[402, 0]",3,"[282, 558, 731]"
"[402, 354]",2,"[248, 519]"
"[403, 55, 54]",2,"[473, 487]"
"[403, 55, 56, 57, 58, 59]",2,"[282, 614]"
"[404, 574]",2,"[282, 721]"
"[405, 403, 55, 56]",2,"[473, 992]"
"[406, 90, 91, 407, 324]",2,"[289, 565]"
"[407, 91]",2,"[565, 982]"
"[407, 324]",6,"[289, 565, 728, 744, 751, 790]"
"[407, 408, 91, 90]",2,"[288, 296]"
"[408, 91, 90]",2,"[288, 296]"
"[408, 91, 92]",2,"[629, 695]"
"[409, 305, 304, 0]",2,"[298, 299]"
"[409, 410]",2,"[298, 299]"
"[410, 409, 305, 304, 0]",2,"[298, 299]"
"[411, 148, 147]",2,"[813, 916]"
"[411, 148, 149]",2,"[813, 916]"
"[411, 150]",2,"[303, 405]"
"[412, 460, 461, 591]",2,"[880, 1017]"
"[412, 461]",2,"[769, 879]"
"[413, 345, 0, 271]",2,"[408, 827]"
"[414, 0]",6,"[318, 438, 736, 912, 917, 929]"
"[415, 424, 416]",2,"[329, 330]"
"[416, 415, 424]",2,"[329, 330]"
"[416, 417]",3,"[325, 328, 330]"
"[418, 422, 419, 421]",2,"[328, 329]"
"[418, 423, 426, 425, 417]",2,"[329, 330]"
"[419, 421, 422, 418, 423, 426, 425, 417]",2,"[329, 330]"
"[421, 422, 419]",3,"[328, 329, 330]"
"[421, 422, 418, 423, 426, 425, 417]",2,"[329, 330]"
"[422, 419, 421]",3,"[328, 329, 330]"
"[422, 418, 423, 426, 425, 417]",2,"[329, 330]"
"[423, 426, 425, 417]",2,"[329, 330]"
"[423, 418, 422, 419, 421]",2,"[328, 329]"
"[424, 416, 415]",2,"[329, 330]"
"[424, 416, 417]",2,"[328, 330]"
"[425, 417]",2,"[329, 330]"
"[426, 425, 417]",2,"[329, 330]"
"[427, 428, 429, 430, 98, 99, 0]",3,"[337, 537, 565]"
"[428, 429, 430, 98, 99, 0]",3,"[337, 537, 565]"
"[429, 428]",2,"[728, 744]"
"[429, 430, 98, 99, 0]",5,"[337, 537, 565, 626, 629]"
"[430, 98, 99, 0]",5,"[337, 537, 565, 626, 629]"
"[431, 432, 79, 0]",3,"[339, 616, 719]"
"[432, 568, 0, 503]",2,"[727, 746]"
"[432, 79, 431]",3,"[339, 616, 719]"
"[432, 79, 0]",4,"[339, 361, 616, 719]"
"[433, 0]",2,"[353, 730]"
"[433, 434, 435, 0]",5,"[344, 345, 347, 356, 989]"
"[434, 435, 0, 433]",5,"[344, 345, 347, 356, 989]"
"[435, 0, 433, 434]",5,"[344, 345, 347, 356, 989]"
"[435, 0, 283, 439]",2,"[356, 711]"
"[436, 0]",2,"[349, 367]"
"[437, 378, 377, 376, 375, 78, 0]",2,"[741, 750]"
"[437, 376, 375, 78, 0]",7,"[531, 544, 548, 552, 556, 565, 746]"
"[437, 377, 378]",3,"[470, 559, 564]"
"[437, 375, 78, 0]",3,"[355, 550, 560]"
"[437, 375, 376, 377, 378]",2,"[355, 550]"
"[438, 281, 280, 279, 0]",2,"[574, 729]"
"[438, 281, 282, 0]",2,"[574, 610]"
"[438, 282, 0, 39]",2,"[619, 1031]"
"[439, 283, 617, 0]",2,"[481, 968]"
"[439, 283, 0, 279]",2,"[356, 710]"
"[440, 0, 76, 77, 78]",3,"[25, 360, 641]"
"[441, 118, 363]",2,"[482, 900]"
"[441, 396, 119]",5,"[359, 577, 578, 640, 949]"
"[442, 240]",2,"[369, 899]"
"[443, 444, 179, 178, 177]",2,"[404, 658]"
"[443, 510]",3,"[404, 489, 658]"
"[444, 179, 178, 177]",2,"[404, 658]"
"[444, 443, 510]",3,"[404, 489, 658]"
"[445, 599, 265]",2,"[405, 853]"
"[445, 139, 266]",2,"[116, 1081]"
"[445, 139, 140, 269]",2,"[50, 916]"
"[446, 260, 268]",2,"[118, 916]"
"[447, 255, 254, 267, 142, 141]",2,"[916, 1081]"
"[447, 255, 254, 267, 142, 143, 144, 145, 146, 147, 148, 149, 150]",2,"[916, 1081]"
"[447, 255, 256]",3,"[116, 405, 916]"
"[448, 458]",2,"[600, 675]"
"[448, 0]",3,"[407, 600, 675]"
"[449, 0]",2,"[715, 725]"
"[449, 454, 0]",2,"[409, 996]"
"[449, 570, 450, 451, 452]",3,"[409, 715, 725]"
"[450, 570, 449, 0]",2,"[715, 725]"
"[450, 451, 452]",3,"[409, 715, 725]"
"[451, 450, 570, 449, 0]",2,"[715, 725]"
"[451, 452]",3,"[409, 715, 725]"
"[452, 451, 450, 570, 449, 0]",2,"[715, 725]"
"[454, 449, 570, 450, 451, 452]",2,"[409, 725]"
"[454, 0]",4,"[253, 409, 916, 996]"
"[455, 18, 17, 16, 15, 14]",3,"[413, 608, 1092]"
"[455, 18, 19, 20, 21, 22, 23]",2,"[608, 1092]"
"[455, 20, 21]",2,"[413, 899]"
"[456, 12]",2,"[522, 608]"
"[456, 14, 15, 16, 17, 18, 19, 20, 21, 22, 23]",3,"[417, 930, 1092]"
"[458, 448, 0]",2,"[600, 675]"
"[460, 214, 25, 206, 207, 208, 209, 210, 412]",2,"[769, 880]"
"[460, 214, 25, 26, 27]",3,"[443, 769, 770]"
"[460, 461, 591, 475]",2,"[770, 1017]"
"[461, 590]",2,"[444, 879]"
"[461, 460, 214, 25, 206, 207, 208, 209, 210, 412]",2,"[769, 880]"
"[461, 460, 214, 25, 26, 27]",3,"[443, 769, 770]"
"[461, 591, 475]",2,"[770, 1017]"
"[462, 470, 590, 475, 591]",2,"[879, 880]"
"[462, 470, 461, 460, 214, 25, 26, 27]",2,"[443, 770]"
"[462, 470, 461, 591]",2,"[443, 770]"
"[463, 602, 474]",2,"[769, 879]"
"[463, 587, 462, 470]",2,"[443, 444]"
"[464, 603]",2,"[880, 1017]"
"[465, 464, 603]",2,"[880, 1017]"
"[465, 466]",2,"[443, 769]"
"[466, 468]",2,"[769, 880]"
"[466, 465]",3,"[443, 444, 1017]"
"[466, 467, 473, 469]",2,"[770, 879]"
"[467, 466]",2,"[879, 1017]"
"[467, 473, 469]",2,"[770, 879]"
"[467, 468, 469]",2,"[443, 1017]"
"[468, 466, 465]",2,"[443, 444]"
"[468, 469]",3,"[443, 880, 1017]"
"[469, 473]",3,"[444, 879, 880]"
"[469, 468]",4,"[443, 769, 770, 1017]"
"[470, 590, 475, 591]",2,"[879, 880]"
"[470, 461, 460, 214, 25, 26, 27]",2,"[443, 770]"
"[470, 461, 591]",2,"[443, 770]"
"[470, 462]",2,"[443, 769]"
"[471, 589]",2,"[769, 879]"
"[471, 603]",2,"[444, 1017]"
"[471, 588]",2,"[443, 770]"
"[472, 474]",2,"[444, 879]"
"[472, 592, 466, 467, 473, 469]",2,"[770, 879]"
"[473, 469, 468]",2,"[769, 770]"
"[474, 588, 471]",2,"[770, 879]"
"[474, 472, 592, 466]",2,"[444, 879]"
"[475, 591, 461, 460]",2,"[444, 880]"
"[476, 0, 129]",5,"[449, 452, 455, 456, 457]"
"[477, 378, 527, 437, 375, 78, 0]",2,"[550, 560]"
"[477, 378, 377, 437, 376, 375, 78, 0]",3,"[531, 544, 548]"
"[477, 378, 377, 376, 375, 78, 0]",2,"[470, 530]"
"[477, 478, 479]",2,"[470, 550]"
"[478, 479, 477, 378]",2,"[470, 550]"
"[479, 477, 378]",2,"[470, 550]"
"[479, 477, 478]",2,"[470, 550]"
"[480, 59, 58, 339, 56, 55, 54, 338, 53, 52]",2,"[473, 957]"
"[480, 61, 62, 63]",2,"[473, 478]"
"[481, 64, 63, 62, 61]",2,"[473, 722]"
"[481, 482, 65]",2,"[487, 705]"
"[481, 482, 483, 567, 614, 484]",2,"[487, 705]"
"[482, 65, 481]",2,"[487, 705]"
"[482, 65, 64, 63, 62, 61]",2,"[487, 957]"
"[482, 481, 64, 63, 62, 61]",2,"[473, 722]"
"[482, 483, 567, 614, 484]",2,"[487, 705]"
"[483, 482, 65, 64, 63, 62, 61]",2,"[487, 957]"
"[483, 567, 614, 484]",2,"[487, 705]"
"[484, 497, 486, 485]",2,"[705, 957]"
"[484, 497, 486, 501]",2,"[705, 957]"
"[484, 567, 482, 483]",2,"[473, 705]"
"[484, 485]",2,"[473, 487]"
"[485, 497, 486]",2,"[487, 614]"
"[485, 484, 497, 486, 501]",2,"[705, 957]"
"[485, 484, 567, 482, 483]",2,"[473, 705]"
"[485, 486, 501]",2,"[473, 956]"
"[486, 485, 484, 497]",2,"[705, 957]"
"[486, 485, 484, 567, 482, 483]",2,"[473, 705]"
"[486, 501, 615, 611, 494, 487]",2,"[956, 957]"
"[486, 501, 494, 487]",2,"[473, 705]"
"[487, 498, 488, 612, 499, 489, 491, 500, 492, 493]",2,"[487, 956]"
"[487, 498, 494]",3,"[487, 614, 705]"
"[487, 488, 499, 612]",2,"[473, 957]"
"[487, 488, 499, 489]",2,"[473, 957]"
"[488, 612, 499, 489, 491, 500, 492, 493]",2,"[487, 956]"
"[488, 498, 494, 487]",4,"[473, 487, 614, 705]"
"[488, 499, 612]",2,"[473, 957]"
"[488, 499, 489, 490]",2,"[473, 705]"
"[489, 491, 500, 492, 493]",2,"[487, 956]"
"[489, 499, 488, 498, 494, 487]",2,"[487, 705]"
"[489, 499, 612, 488, 498, 494, 487]",2,"[473, 614]"
"[489, 490, 491]",2,"[473, 614]"
"[490, 489, 499, 612]",2,"[614, 957]"
"[490, 491]",2,"[473, 614]"
"[491, 489, 499, 488, 498, 494, 487]",2,"[487, 705]"
"[491, 500, 492, 493]",3,"[487, 614, 956]"
"[492, 491, 489, 499, 488, 498, 494, 487]",2,"[487, 705]"
"[492, 500, 489]",2,"[473, 956]"
"[492, 493]",6,"[473, 487, 614, 705, 956, 957]"
"[493, 492, 491, 489, 499, 488, 498, 494, 487]",2,"[487, 705]"
"[493, 492, 500, 489]",2,"[473, 956]"
"[494, 487, 498, 488, 612, 499, 489, 491, 500, 492, 493]",2,"[487, 956]"
"[494, 487, 488, 499, 612]",2,"[473, 957]"
"[494, 487, 488, 499, 489]",2,"[473, 957]"
"[495, 278, 0]",4,"[474, 551, 960, 1022]"
"[496, 0]",6,"[477, 615, 707, 730, 964, 1028]"
"[497, 486, 485, 484, 567]",2,"[705, 957]"
"[497, 486, 501]",3,"[487, 705, 957]"
"[498, 488, 612, 499, 489, 491, 500, 492, 493]",2,"[487, 956]"
"[498, 494, 487]",4,"[473, 487, 614, 705]"
"[499, 488, 498, 494, 487]",2,"[487, 705]"
"[499, 612, 488, 498, 494, 487]",2,"[473, 614]"
"[499, 489, 491, 500, 492, 493]",2,"[487, 956]"
"[499, 489, 490]",2,"[473, 705]"
"[500, 492, 491, 489, 499, 488, 498, 494, 487]",2,"[487, 705]"
"[500, 492, 493]",5,"[487, 614, 705, 956, 957]"
"[500, 489]",2,"[473, 956]"
"[501, 615, 611, 494, 487]",2,"[956, 957]"
"[501, 494, 487]",2,"[473, 705]"
"[503, 0, 282]",2,"[711, 732]"
"[503, 0, 509]",2,"[711, 718]"
"[503, 0, 324]",2,"[727, 732]"
"[503, 0, 49, 343, 51, 52, 73]",2,"[718, 735]"
"[503, 0, 49, 337, 50, 51, 52]",2,"[487, 992]"
"[503, 0, 78, 375, 376, 377, 378]",2,"[711, 746]"
"[504, 505, 506, 507, 508]",2,"[487, 1025]"
"[505, 506, 507, 508]",2,"[487, 1025]"
"[506, 507, 508]",3,"[487, 963, 1025]"
"[507, 508]",3,"[487, 963, 1025]"
"[509, 0, 503]",2,"[711, 718]"
"[509, 0, 44, 45, 46]",2,"[718, 724]"
"[510, 443, 444, 179, 178, 177]",2,"[404, 658]"
"[511, 513, 517, 514, 28, 25]",2,"[509, 523]"
"[511, 512]",4,"[500, 509, 512, 523]"
"[512, 511, 513, 517, 514, 28, 25]",2,"[509, 523]"
"[513, 517, 514, 28, 25]",2,"[509, 523]"
"[514, 28, 25]",2,"[509, 523]"
"[515, 205, 215, 25, 26, 27]",2,"[1013, 1100]"
"[515, 516, 12, 0]",4,"[523, 770, 880, 1014]"
"[516, 12, 0]",4,"[523, 770, 880, 1014]"
"[517, 514, 28, 25]",2,"[509, 523]"
"[518, 519, 477, 378, 377, 437, 376, 375, 78, 0]",3,"[531, 544, 548]"
"[519, 378, 527, 377, 437, 376, 375, 78, 0]",2,"[556, 565]"
"[519, 518]",5,"[530, 543, 547, 555, 559]"
"[519, 477, 378, 527]",2,"[552, 560]"
"[519, 477, 378, 377, 437, 376, 375, 78, 0]",3,"[531, 544, 548]"
"[520, 519, 518]",5,"[530, 543, 547, 555, 559]"
"[521, 0, 112]",2,"[949, 1038]"
"[521, 522]",4,"[532, 533, 692, 939]"
"[522, 521, 0]",4,"[532, 533, 692, 939]"
"[523, 106]",3,"[534, 627, 940]"
"[524, 525, 91, 284, 92, 93, 94]",2,"[785, 789]"
"[525, 91, 284, 92, 93, 94]",2,"[785, 789]"
"[526, 0]",2,"[539, 943]"
"[527, 377, 437, 376, 375, 78, 0]",3,"[552, 556, 565]"
"[527, 437, 375, 78, 0]",2,"[550, 560]"
"[528, 578]",2,"[558, 731]"
"[528, 116]",2,"[220, 724]"
"[530, 115, 121, 122]",2,"[568, 731]"
"[530, 531, 115, 349, 125]",2,"[732, 1038]"
"[530, 531, 115, 121, 122]",2,"[568, 1038]"
"[530, 531, 115, 116, 117]",2,"[732, 974]"
"[531, 115, 349, 125]",2,"[732, 1038]"
"[531, 115, 121, 122]",2,"[568, 1038]"
"[531, 115, 116, 117, 118]",2,"[949, 974]"
"[532, 115, 125]",2,"[29, 568]"
"[532, 115, 121, 533, 122]",2,"[29, 568]"
"[533, 122, 121, 115, 125]",2,"[29, 568]"
"[533, 122, 121, 115, 532]",2,"[29, 568]"
"[534, 535, 379, 584, 378, 377, 376, 375, 78]",2,"[571, 900]"
"[535, 382]",2,"[711, 977]"
"[535, 379, 584, 378, 377, 376, 375, 78]",2,"[571, 900]"
"[537, 0]",2,"[579, 1025]"
"[537, 325, 326, 327]",2,"[211, 732]"
"[538, 543, 544, 539, 545, 546, 540, 36, 37, 136, 138, 0]",2,"[587, 603]"
"[538, 539, 243]",2,"[581, 593]"
"[539, 544, 543, 538]",2,"[596, 602]"
"[539, 545, 546, 540, 36, 37, 136, 138, 0]",2,"[587, 603]"
"[539, 243, 546]",2,"[593, 837]"
"[539, 243, 540, 36, 37, 136]",2,"[581, 597]"
"[540, 546, 545, 243, 539]",2,"[837, 850]"
"[540, 36, 37, 136, 135, 0]",2,"[597, 605]"
"[540, 36, 37, 136, 138, 0]",4,"[587, 603, 832, 838]"
"[541, 0]",3,"[586, 659, 745]"
"[542, 0, 200, 244]",2,"[586, 1095]"
"[542, 0, 220, 274]",2,"[586, 1095]"
"[543, 544, 539, 545, 546, 540, 36, 37, 136, 138, 0]",2,"[587, 603]"
"[543, 538]",3,"[586, 596, 602]"
"[544, 543, 538]",2,"[596, 602]"
"[544, 539, 545, 546, 540, 36, 37, 136, 138, 0]",2,"[587, 603]"
"[545, 243, 539]",2,"[837, 850]"
"[545, 546, 540, 36, 37, 136, 138, 0]",2,"[587, 603]"
"[546, 37]",2,"[843, 851]"
"[546, 545, 243, 539]",2,"[837, 850]"
"[546, 540, 36, 37, 136, 138, 0]",4,"[587, 603, 832, 838]"
"[547, 352, 245, 244, 247, 0]",2,"[243, 1095]"
"[549, 553, 550]",2,"[899, 922]"
"[549, 607, 554, 21, 20, 19, 18, 17, 16, 15, 14, 13, 12]",2,"[604, 922]"
"[549, 550]",2,"[604, 781]"
"[550, 551, 606, 593]",2,"[781, 922]"
"[551, 606, 593]",2,"[781, 922]"
"[551, 601]",2,"[604, 858]"
"[553, 550]",2,"[899, 922]"
"[553, 549]",2,"[604, 858]"
"[554, 21, 20, 19, 18, 17, 16, 15, 14, 13, 12, 0]",2,"[858, 922]"
"[555, 72, 65, 64, 63, 62, 61]",2,"[14, 614]"
"[555, 66, 67]",2,"[13, 614]"
"[556, 74, 557, 0]",2,"[615, 690]"
"[557, 0]",2,"[615, 690]"
"[557, 74]",2,"[15, 690]"
"[558, 566, 0]",2,"[628, 691]"
"[559, 563, 0]",3,"[657, 815, 1068]"
"[559, 560, 561, 627]",2,"[1008, 1068]"
"[559, 560, 561, 562]",4,"[657, 815, 1008, 1068]"
"[560, 559, 563, 0]",3,"[657, 815, 1068]"
"[560, 561, 627]",2,"[1008, 1068]"
"[560, 561, 562]",4,"[657, 815, 1008, 1068]"
"[561, 627]",2,"[1008, 1068]"
"[561, 560, 559, 563, 0]",3,"[657, 815, 1068]"
"[561, 562]",4,"[657, 815, 1008, 1068]"
"[562, 561, 627]",2,"[1008, 1068]"
"[562, 561, 560, 559, 563, 0]",3,"[657, 815, 1068]"
"[563, 0]",3,"[657, 815, 1068]"
"[563, 559, 560, 561, 562]",3,"[657, 815, 1008]"
"[564, 75, 565, 556, 74, 557, 0]",2,"[615, 690]"
"[565, 556, 74, 557, 0]",2,"[615, 690]"
"[566, 0]",2,"[628, 691]"
"[567, 614, 484]",2,"[487, 705]"
"[567, 482, 483]",2,"[473, 705]"
"[568, 0, 503]",2,"[727, 746]"
"[568, 432]",2,"[706, 727]"
"[569, 618, 277]",2,"[711, 969]"
"[570, 449, 0]",2,"[715, 725]"
"[570, 450, 451, 452]",3,"[409, 715, 725]"
"[572, 0]",3,"[717, 718, 1038]"
"[573, 0]",2,"[100, 1018]"
"[573, 157]",3,"[57, 107, 720]"
"[574, 404]",2,"[282, 721]"
"[577, 0, 104, 105, 106, 107]",2,"[29, 1038]"
"[577, 0, 112]",3,"[29, 640, 1038]"
"[578, 5]",2,"[558, 720]"
"[579, 327]",2,"[579, 1025]"
"[580, 530, 531, 115, 349, 125]",2,"[732, 1038]"
"[580, 530, 531, 115, 121, 122]",2,"[568, 1038]"
"[580, 123, 124, 0]",2,"[29, 740]"
"[581, 0]",2,"[574, 735]"
"[582, 243]",2,"[602, 736]"
"[582, 539]",2,"[586, 596]"
"[583, 242, 31]",2,"[736, 1070]"
"[583, 242, 297]",2,"[141, 736]"
"[584, 378, 377, 376, 437]",2,"[571, 750]"
"[584, 378, 377, 376, 375, 78, 0]",3,"[571, 711, 750]"
"[586, 367, 368, 369, 359, 360]",2,"[772, 776]"
"[587, 462, 470, 461, 460, 214, 25, 26, 27]",2,"[443, 770]"
"[587, 462, 470, 461, 591]",2,"[443, 770]"
"[588, 471, 589]",2,"[769, 879]"
"[589, 462, 470, 590, 475, 591]",2,"[879, 880]"
"[589, 463]",2,"[443, 879]"
"[590, 475, 591]",2,"[879, 880]"
"[591, 475]",2,"[770, 1017]"
"[591, 461, 460]",2,"[444, 880]"
"[592, 466, 467, 473, 469]",2,"[770, 879]"
"[594, 97]",2,"[751, 792]"
"[594, 98, 99, 0, 324]",2,"[727, 982]"
"[595, 400, 94, 96, 594, 98, 99, 0]",2,"[783, 791]"
"[595, 400, 94, 596, 98, 99, 0]",2,"[787, 793]"
"[596, 98, 99, 0]",2,"[787, 793]"
"[596, 97, 98, 99, 0]",2,"[280, 785]"
"[597, 598, 15]",2,"[781, 831]"
"[598, 15, 16, 17, 18]",2,"[781, 899]"
"[599, 445, 139, 266]",2,"[116, 1081]"
"[599, 265, 446]",2,"[405, 916]"
"[599, 265, 258]",2,"[116, 853]"
"[600, 262, 258]",2,"[116, 853]"
"[600, 263, 264]",2,"[116, 853]"
"[602, 474]",2,"[769, 879]"
"[604, 137, 32]",3,"[47, 506, 1098]"
"[605, 447, 255, 254, 267, 142, 141]",2,"[916, 1081]"
"[605, 447, 255, 254, 267, 142, 143, 144, 145, 146, 147, 148, 149, 150]",2,"[916, 1081]"
"[605, 447, 255, 256]",2,"[116, 916]"
"[606, 593]",3,"[781, 899, 922]"
"[607, 554, 21, 20, 19, 18, 17, 16, 15, 14, 13, 12]",2,"[604, 922]"
"[607, 549]",2,"[604, 899]"
"[608, 183, 184, 185, 186]",2,"[129, 860]"
"[610, 66, 555, 72, 65, 64, 63, 62, 61]",2,"[14, 614]"
"[610, 69, 70, 485]",2,"[614, 956]"
"[611, 494, 487, 498, 488, 612, 499, 489, 491, 500, 492, 493]",2,"[487, 956]"
"[612, 499, 489, 491, 500, 492, 493]",2,"[487, 956]"
"[612, 488, 498, 494, 487]",2,"[473, 614]"
"[613, 65, 64, 63, 62, 61]",2,"[282, 956]"
"[613, 72, 555]",2,"[282, 956]"
"[613, 555, 66, 67]",2,"[13, 614]"
"[614, 484, 497, 486, 485]",2,"[705, 957]"
"[614, 484, 497, 486, 501]",2,"[705, 957]"
"[614, 484, 567, 482, 483]",2,"[473, 705]"
"[614, 484, 485]",2,"[473, 487]"
"[615, 611, 494, 487, 498, 488]",2,"[614, 956]"
"[616, 283, 617, 0]",3,"[332, 967, 1033]"
"[617, 0, 283, 439]",2,"[481, 968]"
"[618, 569]",2,"[934, 969]"
"[618, 277]",2,"[711, 969]"
"[619, 372, 374]",2,"[270, 579]"
"[619, 372, 83]",2,"[270, 579]"
"[620, 0]",2,"[935, 980]"
"[621, 397, 398, 399, 392, 393, 394]",2,"[279, 984]"
"[623, 624, 3, 0, 625]",2,"[996, 1000]"
"[623, 624, 3, 0, 1, 2]",4,"[996, 1000, 1004, 1006]"
"[624, 3, 0, 625]",2,"[996, 1000]"
"[624, 3, 0, 1, 2, 623]",4,"[996, 1000, 1004, 1006]"
"[625, 0, 1, 2, 623, 624, 3]",2,"[996, 1000]"
"[626, 0]",2,"[996, 1057]"
"[627, 561, 560, 559]",2,"[1008, 1068]"
"[627, 561, 562]",2,"[1008, 1068]"
"[631, 35, 36, 37]",2,"[1070, 1098]"
